fixture_id,home_team_id,away_team_id,season,venue_code,opp_code,hour,day_code,goals_scored_rolling,goals_conceded_rolling,wins_rolling,clean_sheets_rolling,win_streak,form_momentum,opp_goals_scored_rolling,opp_goals_conceded_rolling,h2h_win_rate
867946,52,42,2022,1,42,19,4,1.5025436557231588,1.52839405501331,0.3768854480922804,0.23459032830523516,0,0.0,1.5235312666076175,1.4945968999114259,0.5
867947,36,40,2022,1,40,11,5,1.5025436557231588,1.52839405501331,0.3768854480922804,0.23459032830523516,0,0.0,1.5235312666076175,1.4945968999114259,0.5
867949,63,39,2022,1,39,14,5,1.5025436557231588,1.52839405501331,0.3768854480922804,0.23459032830523516,0,0.0,1.5235312666076175,1.4945968999114259,0.5
867948,35,66,2022,1,66,14,5,1.5025436557231588,1.52839405501331,0.3768854480922804,0.23459032830523516,0,0.0,1.5235312666076175,1.4945968999114259,0.5
867952,47,41,2022,1,41,14,5,1.5025436557231588,1.52839405501331,0.3768854480922804,0.23459032830523516,0,0.0,1.5235312666076175,1.4945968999114259,0.5
867951,34,65,2022,1,65,14,5,1.5025436557231588,1.52839405501331,0.3768854480922804,0.23459032830523516,0,0.0,1.5235312666076175,1.4945968999114259,0.5
867953,45,49,2022,1,49,16,5,1.5025436557231588,1.52839405501331,0.3768854480922804,0.23459032830523516,0,0.0,1.5235312666076175,1.4945968999114259,0.5
867954,33,51,2022,1,51,13,6,1.5025436557231588,1.52839405501331,0.3768854480922804,0.23459032830523516,0,0.0,1.5235312666076175,1.4945968999114259,0.5
867950,46,55,2022,1,55,13,6,1.5025436557231588,1.52839405501331,0.3768854480922804,0.23459032830523516,0,0.0,1.5235312666076175,1.4945968999114259,0.5
867955,48,50,2022,1,50,15,6,1.5025436557231588,1.52839405501331,0.3768854480922804,0.23459032830523516,0,0.0,1.5235312666076175,1.4945968999114259,0.5
867957,66,45,2022,1,45,11,5,0.0,2.0,0.0,0.0,0,0.0,0.0,1.0,0.5
867962,50,35,2022,1,35,14,5,2.0,0.0,1.0,1.0,1,1.0,2.0,0.0,0.5
867956,42,46,2022,1,46,14,5,2.0,0.0,1.0,1.0,1,1.0,2.0,2.0,0.5
867965,39,36,2022,1,36,14,5,1.0,2.0,0.0,0.0,0,0.0,2.0,2.0,0.5
867959,51,34,2022,1,34,14,5,2.0,1.0,1.0,0.0,1,1.0,2.0,0.0,0.5
867964,41,63,2022,1,63,14,5,1.0,4.0,0.0,0.0,0,0.0,2.0,1.0,0.5
867958,55,33,2022,1,33,16,5,2.0,2.0,0.0,0.0,0,0.0,1.0,2.0,0.5
867963,65,48,2022,1,48,13,6,0.0,2.0,0.0,0.0,0,0.0,0.0,2.0,0.5
867960,49,47,2022,1,47,15,6,1.0,0.0,1.0,1.0,1,1.0,4.0,1.0,0.5
867961,40,52,2022,1,52,19,0,2.0,2.0,0.0,0.0,0,0.0,0.0,2.0,0.5
867974,47,39,2022,1,39,11,5,3.0,1.5,0.5,0.0,0,0.4444,0.5,1.0,0.5
867969,36,55,2022,1,55,14,5,1.0,1.0,0.0,0.5,0,0.0,3.0,1.0,0.5
867967,52,66,2022,1,66,14,5,0.5,1.5,0.0,0.0,0,0.0,1.0,1.5,0.5
867971,46,41,2022,1,41,14,5,2.0,3.0,0.0,0.0,0,0.0,1.5,3.0,0.5
867968,45,65,2022,1,65,14,5,0.5,1.5,0.0,0.0,0,0.0,0.5,1.0,0.5
867966,35,42,2022,1,42,16,5,1.0,2.0,0.5,0.5,0,0.4444,3.0,1.0,0.5
867975,48,51,2022,1,51,13,6,0.0,1.5,0.0,0.0,0,0.0,1.0,0.5,0.5
867970,63,49,2022,1,49,13,6,2.0,1.5,0.5,0.0,0,0.4444,1.5,1.0,0.5
867973,34,50,2022,1,50,15,6,1.0,0.0,0.5,1.0,0,0.4444,3.0,0.0,0.5
867972,33,40,2022,1,40,19,0,0.5,3.0,0.0,0.0,0,0.0,1.5,1.5,0.5
867984,41,33,2022,1,33,11,5,1.6667,2.3333,0.3333,0.0,1,0.4167,1.0,2.3333,0.5
867981,40,35,2022,1,35,14,5,1.3333,1.6667,0.0,0.0,0,0.0,0.6667,2.3333,0.5
867982,50,52,2022,1,52,14,5,3.0,1.0,0.6667,0.6667,0,0.5833,1.3333,1.3333,0.5
867978,55,45,2022,1,45,14,5,2.6667,1.6667,0.3333,0.3333,0,0.3333,0.6667,1.3333,0.5
867980,49,46,2022,1,46,14,5,1.0,1.6667,0.3333,0.3333,0,0.25,1.6667,2.6667,0.5
867979,51,63,2022,1,63,14,5,1.3333,0.3333,0.6667,0.6667,1,0.6667,2.3333,1.0,0.5
867976,42,36,2022,1,36,16,5,3.0,0.6667,1.0,0.6667,3,1.0,1.6667,1.3333,0.5
867977,66,48,2022,1,48,13,6,1.0,2.0,0.3333,0.0,0,0.3333,0.0,1.6667,0.5
867985,39,34,2022,1,34,13,6,0.3333,1.0,0.0,0.3333,0,0.0,1.6667,1.0,0.5
867983,65,47,2022,1,47,15,6,0.6667,1.0,0.3333,0.3333,0,0.3333,2.3333,1.0,0.5
867988,36,51,2022,1,51,18,1,1.5,1.5,0.25,0.25,0,0.2857,1.25,0.25,0.5
867992,52,55,2022,1,55,18,1,1.5,2.0,0.25,0.0,0,0.2857,2.25,1.5,0.5
867993,41,49,2022,1,49,18,1,1.25,2.0,0.25,0.0,0,0.2857,1.25,1.5,0.5
867989,63,45,2022,1,45,19,1,1.75,1.0,0.5,0.25,0,0.4286,0.75,1.25,0.5
867986,35,39,2022,1,39,18,2,0.5,4.0,0.25,0.25,0,0.1429,0.5,1.0,0.5
867987,42,66,2022,1,66,18,2,2.75,0.75,1.0,0.5,4,1.0,0.75,1.75,0.5
867995,50,65,2022,1,65,18,2,3.25,1.25,0.75,0.5,1,0.7143,0.5,1.25,0.5
867991,48,47,2022,1,47,18,2,0.25,1.25,0.25,0.25,1,0.3571,2.25,0.75,0.5
867994,40,34,2022,1,34,19,2,3.25,1.25,0.25,0.25,1,0.3571,1.5,1.0,0.5
867990,46,33,2022,1,33,19,3,1.5,2.5,0.0,0.0,0,0.0,1.0,1.75,0.5
868000,45,40,2022,1,40,11,5,0.8,1.2,0.0,0.0,0,0.0,3.0,1.2,0.5
868002,34,52,2022,1,52,14,5,1.4,1.2,0.2,0.4,0,0.0667,1.4,1.8,0.5
867997,55,63,2022,1,63,14,5,2.0,1.4,0.2,0.2,0,0.1333,1.6,1.0,0.5
868004,47,36,2022,1,36,14,5,2.0,0.8,0.6,0.4,0,0.5333,1.6,1.4,0.5
868005,39,41,2022,1,41,14,5,0.4,0.8,0.0,0.4,0,0.0,1.4,1.8,0.5
868003,65,35,2022,1,35,14,5,0.4,2.2,0.2,0.2,0,0.1333,0.4,3.2,0.5
867999,49,48,2022,1,48,14,5,1.2,1.6,0.4,0.2,0,0.3333,0.4,1.2,0.5
867996,66,50,2022,1,50,16,5,0.8,1.8,0.2,0.0,0,0.1333,3.8,1.0,0.5
867998,51,46,2022,1,46,13,6,1.2,0.6,0.6,0.6,0,0.5333,1.2,2.2,0.5
868001,33,42,2022,1,42,15,6,1.0,1.4,0.6,0.4,3,0.8,2.6,0.8,0.5
868016,66,41,2022,1,41,19,4,1.0,1.6,0.2,0.0,0,0.0667,1.2,1.2,0.5
868023,65,36,2022,1,36,19,4,0.8,2.4,0.2,0.2,0,0.0667,1.4,1.4,0.5
868025,39,50,2022,1,50,11,5,0.4,0.4,0.2,0.6,1,0.3333,3.6,1.2,0.5
868022,34,35,2022,1,35,14,5,1.0,1.2,0.0,0.4,0,0.0,0.6,3.6,0.5
868024,47,46,2022,1,46,16,5,1.6,0.8,0.6,0.4,1,0.6667,1.2,2.8,0.5
868017,55,42,2022,1,42,11,6,2.6,1.4,0.4,0.2,1,0.4,2.4,1.4,0.5
868020,45,48,2022,1,48,13,6,0.8,1.0,0.0,0.2,0,0.0,0.6,1.2,0.5
868027,42,47,2022,1,47,11,5,2.2,1.0,0.8,0.4,1,0.7333,2.4,0.8,0.5
868028,52,49,2022,1,49,14,5,1.4,1.4,0.2,0.2,0,0.1333,1.4,1.8,0.5
868026,35,55,2022,1,55,14,5,0.8,3.0,0.2,0.2,0,0.2667,1.8,2.0,0.5
868032,40,51,2022,1,51,14,5,2.6,0.8,0.4,0.4,0,0.4667,1.8,0.8,0.5
868029,36,34,2022,1,34,14,5,2.0,1.8,0.6,0.0,1,0.6,1.2,1.4,0.5
868034,41,45,2022,1,45,14,5,0.8,1.0,0.4,0.0,0,0.2667,0.8,0.6,0.5
868035,48,39,2022,1,39,16,5,0.6,1.2,0.2,0.2,0,0.1333,0.4,1.0,0.5
868033,50,33,2022,1,33,13,6,3.4,1.2,0.6,0.4,1,0.6667,1.4,1.2,0.5
868030,63,66,2022,1,66,15,6,1.6,1.8,0.2,0.2,0,0.1333,0.8,1.4,0.5
868031,46,65,2022,1,65,19,0,1.2,3.2,0.0,0.0,0,0.0,1.0,3.0,0.5
868039,49,39,2022,1,39,14,5,1.4,1.6,0.6,0.0,2,0.7333,0.4,1.2,0.5
868042,50,41,2022,1,41,14,5,4.0,1.2,0.8,0.4,2,0.8,0.6,1.2,0.5
868043,34,55,2022,1,55,14,5,1.4,1.0,0.2,0.2,1,0.3333,1.4,1.4,0.5
868036,35,46,2022,1,46,14,5,0.8,2.4,0.2,0.4,0,0.2,1.8,2.8,0.5
868038,51,47,2022,1,47,16,5,2.4,1.4,0.6,0.4,0,0.4667,2.4,1.4,0.5
868040,52,63,2022,1,63,13,6,1.4,1.6,0.2,0.2,0,0.0667,1.2,1.4,0.5
868045,48,36,2022,1,36,13,6,1.0,0.8,0.4,0.4,1,0.4,1.6,2.2,0.5
868037,42,40,2022,1,40,15,6,2.2,1.2,0.8,0.2,2,0.8,3.0,1.2,0.5
868041,45,33,2022,1,33,18,6,1.0,0.6,0.4,0.4,2,0.6,2.0,1.6,0.5
868044,65,66,2022,1,66,19,0,0.8,3.6,0.0,0.0,0,0.0,0.6,0.8,0.5
868047,55,51,2022,1,51,19,4,1.4,2.2,0.2,0.2,0,0.1333,2.0,1.6,0.5
868050,46,52,2022,1,52,11,5,1.8,2.8,0.2,0.2,0,0.2667,1.2,1.6,0.5
868048,36,35,2022,1,35,14,5,1.6,2.4,0.4,0.0,0,0.2667,1.2,0.8,0.5
868055,39,65,2022,1,65,14,5,0.2,1.6,0.2,0.4,0,0.1333,1.0,3.4,0.5
868054,47,45,2022,1,45,16,5,2.2,1.4,0.6,0.2,1,0.6667,1.0,0.8,0.5
868053,41,48,2022,1,48,13,6,0.6,1.8,0.2,0.0,0,0.0667,1.4,1.0,0.5
868052,33,34,2022,1,34,13,6,2.0,1.6,0.8,0.4,1,0.7333,2.2,1.0,0.5
868046,66,49,2022,1,49,13,6,0.8,0.8,0.2,0.4,0,0.2,2.0,1.0,0.5
868049,63,42,2022,1,42,13,6,0.8,1.8,0.0,0.2,0,0.0,2.4,1.4,0.5
868051,40,50,2022,1,50,15,6,3.2,1.4,0.4,0.4,0,0.2,4.0,0.8,0.5
868059,51,65,2022,1,65,18,1,1.8,2.0,0.2,0.0,0,0.1333,1.0,2.4,0.5
868062,52,39,2022,1,39,19,1,0.8,0.8,0.2,0.4,0,0.2667,0.4,1.6,0.5
868058,55,49,2022,1,49,18,2,1.6,2.0,0.4,0.4,1,0.4,2.0,0.8,0.5
868056,35,41,2022,1,41,18,2,1.6,1.2,0.4,0.2,0,0.3333,0.4,1.8,0.5
868064,40,48,2022,1,48,18,2,1.6,1.4,0.4,0.4,1,0.4,1.4,1.0,0.5
868063,34,45,2022,1,45,18,2,2.0,0.6,0.4,0.4,0,0.4667,0.8,1.0,0.5
868065,33,47,2022,1,47,19,2,1.8,1.6,0.6,0.4,0,0.4667,2.4,1.2,0.5
868060,36,66,2022,1,66,18,3,1.6,2.6,0.2,0.0,0,0.1333,0.6,0.8,0.5
868061,46,63,2022,1,63,19,3,1.8,2.6,0.2,0.4,0,0.2,0.8,1.8,0.5
868071,65,40,2022,1,40,11,5,0.6,1.8,0.0,0.2,0,0.0,1.4,1.2,0.5
868070,50,51,2022,1,51,14,5,2.8,1.0,0.6,0.4,0,0.6,1.6,1.6,0.5
868068,45,52,2022,1,52,14,5,0.8,1.2,0.4,0.2,0,0.2,1.0,0.8,0.5
868067,49,33,2022,1,33,16,5,1.8,0.4,0.8,0.6,0,0.6667,2.0,1.6,0.5
868069,63,36,2022,1,36,13,6,0.6,2.0,0.0,0.2,0,0.0,2.0,2.2,0.5
868075,39,46,2022,1,46,13,6,0.4,2.0,0.2,0.2,0,0.2667,1.8,1.6,0.5
868072,41,42,2022,1,42,13,6,0.6,1.6,0.2,0.2,1,0.3333,2.2,1.2,0.5
868066,66,55,2022,1,55,13,6,0.4,1.2,0.2,0.4,0,0.0667,0.6,1.6,0.5
868073,47,34,2022,1,34,15,6,2.0,1.4,0.6,0.4,0,0.5333,2.2,0.6,0.5
868074,48,35,2022,1,35,19,0,1.2,0.8,0.4,0.2,0,0.3333,1.0,1.0,0.5
868082,46,50,2022,1,50,11,5,2.2,0.4,0.6,0.8,2,0.6667,3.2,1.0,0.5
868076,35,47,2022,1,47,14,5,0.8,1.2,0.2,0.2,0,0.1333,1.0,1.4,0.5
868078,55,39,2022,1,39,14,5,0.6,1.8,0.2,0.6,0,0.2,0.4,2.2,0.5
868080,52,41,2022,1,41,14,5,1.0,1.4,0.4,0.2,0,0.4,0.8,1.6,0.5
868085,34,66,2022,1,66,14,5,2.4,0.6,0.8,0.4,2,0.8,1.0,1.2,0.5
868079,51,49,2022,1,49,14,5,0.8,1.8,0.0,0.2,0,0.0,1.6,0.4,0.5
868081,36,45,2022,1,45,16,5,2.0,2.2,0.4,0.2,2,0.6,1.2,1.2,0.5
868083,40,63,2022,1,63,18,5,1.4,1.4,0.4,0.4,0,0.4667,0.6,1.6,0.5
868077,42,65,2022,1,65,14,6,2.2,0.8,0.8,0.4,0,0.6667,0.4,1.2,0.5
868084,33,48,2022,1,48,16,6,1.6,1.6,0.4,0.4,0,0.4,1.6,0.6,0.5
868089,63,35,2022,1,35,15,5,1.0,1.8,0.2,0.0,1,0.3333,1.2,1.8,0.5
868095,39,51,2022,1,51,15,5,0.6,2.0,0.2,0.2,0,0.1333,1.0,1.4,0.5
868090,50,36,2022,1,36,15,5,2.8,1.0,0.8,0.4,2,0.8,1.8,1.4,0.5
868091,65,55,2022,1,55,15,5,0.4,1.4,0.2,0.4,0,0.2667,0.8,2.0,0.5
868088,45,46,2022,1,46,17,5,0.8,1.0,0.2,0.4,0,0.2667,1.4,0.6,0.5
868087,49,42,2022,1,42,12,6,1.4,1.0,0.4,0.6,0,0.2,2.6,0.8,0.5
868086,66,33,2022,1,33,14,6,1.0,2.0,0.2,0.2,0,0.2667,1.2,0.4,0.5
868092,41,34,2022,1,34,14,6,0.6,1.4,0.2,0.2,0,0.2,2.4,0.4,0.5
868094,48,52,2022,1,52,14,6,1.2,0.8,0.4,0.2,0,0.3333,1.0,1.0,0.5
868093,47,40,2022,1,40,16,6,1.4,1.2,0.6,0.4,1,0.5333,1.0,1.2,0.5
868100,50,55,2022,1,55,12,5,2.0,0.6,0.8,0.4,3,0.8667,1.0,1.4,0.5
868096,35,45,2022,1,45,15,5,1.4,2.4,0.0,0.0,0,0.0,0.6,1.0,0.5
868104,48,46,2022,1,46,15,5,0.8,1.0,0.2,0.2,0,0.2,1.6,0.2,0.5
868099,40,41,2022,1,41,15,5,1.0,0.8,0.6,0.4,1,0.5333,0.8,1.4,0.5
868102,65,52,2022,1,52,15,5,0.6,1.6,0.2,0.4,0,0.2,1.0,1.0,0.5
868103,47,63,2022,1,63,15,5,1.4,1.6,0.4,0.2,0,0.3333,1.6,2.0,0.5
868101,34,49,2022,1,49,17,5,2.2,0.4,0.8,0.6,4,0.9333,0.8,1.2,0.5
868105,39,42,2022,1,42,19,5,1.0,2.0,0.2,0.2,0,0.0667,2.2,0.6,0.5
868097,51,66,2022,1,66,14,6,1.6,1.6,0.4,0.2,2,0.6,1.4,2.0,0.5
868098,36,33,2022,1,33,16,6,1.8,1.2,0.4,0.4,0,0.3333,1.0,0.8,0.5
868108,55,47,2022,1,47,12,0,1.0,1.6,0.2,0.2,1,0.3333,1.8,2.2,0.5
868113,46,34,2022,1,34,15,0,2.0,0.2,0.8,0.8,2,0.8,2.4,0.4,0.5
868115,41,51,2022,1,51,15,0,0.8,1.8,0.2,0.2,0,0.0667,1.8,1.6,0.5
868110,52,36,2022,1,36,15,0,1.0,1.2,0.6,0.2,0,0.5333,1.6,1.2,0.5
868111,45,39,2022,1,39,15,0,0.6,1.2,0.2,0.4,0,0.1333,0.8,2.4,0.5
868107,66,40,2022,1,40,17,0,1.8,1.8,0.6,0.2,2,0.7333,1.4,1.0,0.5
868106,42,48,2022,1,48,20,0,2.0,0.2,0.8,0.8,3,0.8667,0.6,1.2,0.5
868109,49,35,2022,1,35,17,1,0.4,1.4,0.0,0.2,0,0.0,1.6,2.0,0.5
868114,33,65,2022,1,65,20,1,1.4,1.0,0.6,0.4,1,0.6,0.8,1.4,0.5
868112,63,50,2022,1,50,20,2,2.2,2.6,0.4,0.0,0,0.4667,1.4,1.0,0.5
868124,48,55,2022,1,55,19,4,0.8,1.6,0.2,0.2,0,0.0667,1.4,2.0,0.5
868119,40,46,2022,1,46,20,4,1.8,1.2,0.6,0.0,3,0.8,1.6,0.8,0.5
868125,39,33,2022,1,33,12,5,1.0,2.2,0.2,0.0,1,0.3333,1.6,1.0,0.5
868121,34,63,2022,1,63,15,5,2.8,0.4,1.0,0.6,6,1.0,2.4,2.8,0.5
868120,50,45,2022,1,45,15,5,2.0,1.0,0.8,0.2,1,0.7333,0.8,1.4,0.5
868116,35,52,2022,1,52,15,5,1.6,2.2,0.2,0.2,0,0.2667,0.6,1.6,0.5
868118,36,41,2022,1,41,15,5,1.6,1.2,0.4,0.4,1,0.4,0.8,2.4,0.5
868117,51,42,2022,1,42,17,5,2.4,1.8,0.6,0.0,1,0.6667,2.4,0.4,0.5
868123,47,66,2022,1,66,14,6,2.2,2.2,0.4,0.0,0,0.4,2.0,1.8,0.5
868122,65,49,2022,1,49,16,6,0.8,2.0,0.4,0.4,0,0.3333,0.8,1.4,0.5
868128,55,40,2022,1,40,17,0,1.8,1.2,0.4,0.2,1,0.5333,2.2,1.2,0.5
868133,46,36,2022,1,36,19,1,1.0,1.2,0.4,0.4,0,0.3333,1.4,1.0,0.5
868126,42,34,2022,1,34,19,1,3.0,0.6,1.0,0.6,5,1.0,2.4,0.2,0.5
868131,45,51,2022,1,51,19,1,0.4,1.6,0.0,0.2,0,0.0,2.6,2.0,0.5
868134,33,35,2022,1,35,20,1,1.6,0.8,0.8,0.6,3,0.8667,1.6,2.2,0.5
868135,41,65,2022,1,65,19,2,0.8,2.6,0.0,0.0,0,0.0,0.8,2.2,0.5
868132,63,48,2022,1,48,19,2,2.0,2.2,0.4,0.2,0,0.2,0.4,2.0,0.5
868127,66,39,2022,1,39,20,2,1.6,1.8,0.6,0.2,1,0.6667,1.0,1.6,0.5
868130,52,47,2022,1,47,20,2,1.0,1.0,0.6,0.4,1,0.5333,2.0,2.2,0.5
868129,49,50,2022,1,50,20,3,0.8,1.4,0.2,0.2,0,0.2667,1.6,1.0,0.5
868009,36,49,2022,1,49,20,3,1.6,1.0,0.6,0.4,3,0.8,0.6,0.8,0.5
868136,66,63,2022,1,63,20,4,1.8,1.2,0.6,0.2,0,0.4667,2.0,2.4,0.0
868141,33,50,2022,1,50,12,5,2.0,0.8,0.8,0.6,4,0.9333,1.6,1.0,0.0
868143,65,46,2022,1,46,15,5,1.0,1.2,0.4,0.4,1,0.4667,1.0,1.2,0.0
868140,45,41,2022,1,41,15,5,0.6,2.4,0.0,0.0,0,0.0,0.8,2.6,1.0
868138,51,40,2022,1,40,15,5,2.6,2.0,0.6,0.0,1,0.6,2.2,1.4,0.0
868145,39,48,2022,1,48,15,5,1.0,1.6,0.2,0.0,0,0.2,0.8,2.2,0.0
868137,55,35,2022,1,35,17,5,2.2,1.2,0.6,0.2,2,0.7333,1.2,2.2,0.0
868142,34,36,2022,1,36,14,6,1.6,0.2,0.6,0.8,0,0.4,1.8,0.8,1.0
868139,49,52,2022,1,52,14,6,0.8,1.0,0.2,0.2,0,0.1333,0.8,1.8,1.0
868144,47,42,2022,1,42,16,6,2.2,1.8,0.4,0.2,1,0.4667,2.0,0.6,0.0
868008,52,33,2022,1,33,20,2,0.4,1.8,0.2,0.2,0,0.2,2.2,0.4,0.5
868013,50,47,2022,1,47,20,3,1.4,1.2,0.4,0.2,0,0.4,2.0,1.8,0.5
868152,40,49,2022,1,49,12,5,1.8,1.8,0.6,0.0,0,0.4,1.0,0.8,0.5
868151,46,51,2022,1,51,15,5,0.6,1.6,0.2,0.2,0,0.0667,2.6,1.6,0.0
868146,35,65,2022,1,65,15,5,0.6,1.8,0.2,0.2,0,0.0667,1.0,0.8,1.0
868155,48,45,2022,1,45,15,5,0.6,2.0,0.0,0.0,0,0.0,0.8,2.4,0.0
868154,41,66,2022,1,66,15,5,1.0,2.0,0.2,0.0,1,0.3333,1.6,1.2,0.0
868148,52,34,2022,1,34,17,5,0.6,1.8,0.2,0.2,0,0.1333,1.0,0.0,0.0
868150,63,55,2022,1,55,14,6,1.4,2.2,0.0,0.2,0,0.0,2.2,0.8,0.0
868153,50,39,2022,1,39,14,6,2.0,1.2,0.6,0.2,1,0.6,0.8,1.0,1.0
868147,42,33,2022,1,33,16,6,2.2,0.6,0.8,0.6,1,0.7333,2.0,0.4,0.0
868149,36,47,2022,1,47,20,0,1.6,0.6,0.8,0.4,0,0.6667,1.6,2.0,0.0
868159,49,36,2022,1,36,20,4,0.6,0.8,0.2,0.4,0,0.2667,1.0,0.8,0.0
868160,45,42,2022,1,42,12,5,0.8,2.2,0.0,0.0,0,0.0,2.4,1.0,0.5
868158,51,35,2022,1,35,15,5,2.8,1.6,0.6,0.2,0,0.5333,0.2,2.0,0.5
868165,39,40,2022,1,40,15,5,0.8,1.2,0.4,0.2,0,0.3333,1.2,1.6,0.5
868157,55,41,2022,1,41,15,5,1.8,0.6,0.6,0.6,0,0.6,0.8,1.6,0.5
868156,66,46,2022,1,46,15,5,1.4,1.0,0.6,0.4,2,0.7333,0.6,2.0,0.5
868161,33,52,2022,1,52,15,5,1.8,1.0,0.6,0.4,0,0.4,0.6,1.2,0.0
868162,34,48,2022,1,48,17,5,0.8,0.0,0.4,1.0,0,0.3333,1.0,1.6,0.5
868163,65,63,2022,1,63,14,6,1.0,1.0,0.4,0.4,0,0.4667,0.8,1.4,0.5
868164,47,50,2022,1,50,16,6,1.4,1.6,0.4,0.4,1,0.4667,2.0,1.0,0.0
868021,33,63,2022,1,63,20,2,2.0,1.2,0.6,0.2,1,0.5333,0.6,1.0,0.5
868175,48,49,2022,1,49,12,5,1.0,1.2,0.2,0.2,0,0.2667,0.4,0.6,0.0
868168,52,51,2022,1,51,15,5,0.4,1.6,0.0,0.2,0,0.0,2.4,1.4,0.5
868171,46,47,2022,1,47,15,5,1.4,1.8,0.2,0.0,1,0.3333,1.6,1.2,0.0
868167,42,55,2022,1,55,15,5,1.8,1.0,0.6,0.4,0,0.5333,2.0,0.2,1.0
868169,36,65,2022,1,65,15,5,0.6,0.6,0.4,0.4,0,0.2,1.2,0.4,1.0
868174,41,39,2022,1,39,15,5,0.6,1.6,0.2,0.0,0,0.2,1.0,1.0,0.0
868166,35,34,2022,1,34,17,5,0.2,1.8,0.0,0.0,0,0.0,0.4,0.2,0.0
868170,63,33,2022,1,33,14,6,1.0,1.4,0.0,0.2,0,0.0,1.8,1.6,0.0
868173,50,66,2022,1,66,16,6,1.8,1.0,0.6,0.4,0,0.5333,1.6,1.2,0.0
868172,40,45,2022,1,45,20,0,0.6,2.0,0.2,0.2,0,0.0667,0.8,1.8,0.0
868057,42,50,2022,1,50,19,2,1.2,0.8,0.4,0.4,0,0.3333,2.2,1.2,0.5
868176,66,42,2022,1,42,12,5,1.4,1.8,0.4,0.2,0,0.3333,1.4,1.4,0.0
868178,51,36,2022,1,36,15,5,2.2,0.8,0.6,0.4,0,0.4667,0.8,0.6,0.0
868185,39,35,2022,1,35,15,5,1.4,1.0,0.6,0.4,2,0.7333,0.4,1.6,0.0
868183,65,50,2022,1,50,15,5,1.0,0.6,0.6,0.6,0,0.4667,2.6,1.0,0.0
868179,49,41,2022,1,41,15,5,0.6,0.6,0.2,0.6,0,0.1333,0.6,1.6,0.0
868177,55,52,2022,1,52,15,5,1.8,0.4,0.6,0.6,0,0.4667,0.6,1.0,0.0
868180,45,63,2022,1,63,15,5,0.6,2.0,0.2,0.2,0,0.2667,0.6,1.4,0.0
868182,34,40,2022,1,40,17,5,0.6,0.4,0.2,0.6,0,0.1333,0.6,1.8,0.0
868181,33,46,2022,1,46,14,6,1.8,1.4,0.4,0.2,1,0.5333,2.0,1.6,1.0
868184,47,48,2022,1,48,16,6,1.0,2.0,0.4,0.4,0,0.4667,1.2,1.0,0.0
868189,36,39,2022,1,39,20,4,0.6,0.4,0.4,0.6,2,0.6,1.2,1.0,0.0
868195,48,65,2022,1,65,15,5,0.8,1.0,0.2,0.2,0,0.1333,1.0,0.8,0.0
868191,46,42,2022,1,42,15,5,2.0,2.0,0.4,0.0,0,0.4667,1.8,1.8,0.0
868190,63,41,2022,1,41,15,5,0.4,1.2,0.0,0.2,0,0.0,0.8,1.4,0.0
868188,45,66,2022,1,66,15,5,0.6,1.2,0.4,0.4,1,0.5333,1.6,2.4,0.0
868186,35,50,2022,1,50,17,5,0.6,1.0,0.2,0.2,1,0.3333,2.0,0.8,0.0
868187,52,40,2022,1,40,19,5,0.8,1.0,0.0,0.2,0,0.0,0.8,1.2,0.0
868194,47,49,2022,1,49,13,6,1.4,1.6,0.6,0.6,1,0.6667,0.4,0.4,0.0
868007,42,45,2022,1,45,19,2,1.4,1.4,0.4,0.2,2,0.6,0.4,1.2,0.0
868012,40,39,2022,1,39,20,2,0.8,0.6,0.4,0.8,0,0.4667,1.2,1.2,0.0
868202,50,34,2022,1,34,12,5,2.2,1.0,0.6,0.0,1,0.6667,0.6,0.8,0.0
868199,51,48,2022,1,48,15,5,1.4,0.8,0.4,0.4,0,0.2667,1.6,0.8,1.0
868200,49,63,2022,1,63,15,5,0.2,0.8,0.0,0.4,0,0.0,0.6,1.2,0.0
868197,66,52,2022,1,52,15,5,1.6,2.2,0.4,0.4,1,0.4,0.6,0.8,0.0
868205,39,47,2022,1,47,15,5,1.2,1.0,0.4,0.2,0,0.2,1.4,0.8,0.0
868196,42,35,2022,1,35,15,5,2.2,1.2,0.6,0.4,3,0.8,0.8,1.4,1.0
868204,41,46,2022,1,46,17,5,0.4,1.4,0.2,0.2,0,0.2667,2.0,1.8,1.0
868203,65,45,2022,1,45,14,6,0.6,1.6,0.2,0.2,0,0.1333,0.4,1.6,0.0
868201,40,33,2022,1,33,16,6,1.2,0.6,0.6,0.8,1,0.6667,2.2,1.2,0.0
868198,55,36,2022,1,36,20,0,1.4,0.4,0.4,0.6,0,0.2667,0.8,0.4,0.0
868206,35,40,2022,1,40,12,5,1.0,1.8,0.2,0.2,0,0.2,2.6,0.0,0.0
868214,47,65,2022,1,65,15,5,1.2,1.0,0.6,0.6,0,0.5333,0.8,1.8,1.0
868211,46,49,2022,1,49,15,5,1.6,1.6,0.4,0.0,0,0.2,0.4,0.8,0.0
868210,63,51,2022,1,51,15,5,0.6,1.2,0.2,0.2,0,0.2667,1.6,0.8,0.0
868208,45,55,2022,1,55,15,5,0.6,2.0,0.2,0.2,0,0.1333,1.6,0.8,0.0
868207,52,50,2022,1,50,17,5,0.6,1.0,0.0,0.2,0,0.0,2.6,0.8,0.0
868209,36,42,2022,1,42,14,6,1.2,0.8,0.4,0.6,0,0.3333,2.6,1.4,0.0
868212,33,41,2022,1,41,14,6,1.8,2.0,0.6,0.4,0,0.5333,0.6,1.2,1.0
868215,48,66,2022,1,66,14,6,1.2,1.6,0.2,0.2,0,0.2667,1.6,2.2,1.0
868213,34,39,2022,1,39,16,6,0.4,1.2,0.0,0.2,0,0.0,0.8,1.0,0.0
868018,51,52,2022,1,52,19,2,1.6,0.8,0.4,0.4,0,0.3333,0.4,0.8,0.0
868014,41,55,2022,1,55,19,2,0.6,0.6,0.4,0.6,0,0.4,1.6,1.0,0.0
868223,65,34,2022,1,34,20,4,0.8,2.4,0.0,0.0,0,0.0,0.8,1.4,0.0
868225,39,63,2022,1,63,15,5,0.6,1.2,0.2,0.2,0,0.2667,0.6,1.2,0.0
868224,41,47,2022,1,47,15,5,0.4,0.6,0.4,0.6,0,0.2667,1.6,1.2,0.0
868218,55,46,2022,1,46,15,5,1.4,1.0,0.4,0.2,1,0.5333,1.0,1.8,0.0
868217,66,35,2022,1,35,15,5,1.4,1.6,0.4,0.4,0,0.4667,1.2,1.6,0.0
868220,49,45,2022,1,45,17,5,1.0,1.0,0.4,0.2,2,0.6,0.8,1.6,1.0
868216,42,52,2022,1,52,14,6,3.0,0.8,1.0,0.6,5,1.0,0.2,0.8,1.0
868232,50,40,2022,1,40,11,5,2.2,0.6,0.8,0.4,3,0.8667,2.2,0.2,0.0
868227,42,63,2022,1,63,14,5,3.0,0.6,1.0,0.6,6,1.0,1.4,1.2,1.0
868228,51,55,2022,1,55,14,5,1.6,0.8,0.4,0.4,1,0.5333,1.4,1.0,0.0
868234,65,39,2022,1,39,14,5,1.0,2.4,0.0,0.0,0,0.0,1.0,1.8,0.0
868226,35,36,2022,1,36,14,5,1.0,2.0,0.4,0.4,0,0.3333,1.2,1.4,0.0
868230,52,46,2022,1,46,14,5,0.2,1.4,0.0,0.2,0,0.0,0.4,1.8,0.0
868229,49,66,2022,1,66,16,5,1.2,1.2,0.4,0.2,0,0.4667,1.8,1.0,1.0
868235,48,41,2022,1,41,13,6,1.2,1.6,0.2,0.2,0,0.2,0.8,1.2,0.0
868233,34,33,2022,1,33,15,6,1.0,1.4,0.4,0.0,2,0.6,1.4,1.8,0.0
868231,45,47,2022,1,47,19,0,1.0,2.0,0.2,0.2,0,0.2667,2.0,1.0,0.0
868010,63,65,2022,1,65,18,1,1.6,1.8,0.4,0.2,0,0.3333,1.0,2.4,0.0
868011,46,66,2022,1,66,18,1,0.6,1.6,0.0,0.0,0,0.0,1.8,0.2,1.0
868006,35,51,2022,1,51,18,1,1.2,2.2,0.4,0.2,1,0.5333,2.0,1.2,0.0
868019,49,40,2022,1,40,19,1,1.2,1.4,0.4,0.2,0,0.3333,2.0,1.0,0.0
868192,33,55,2022,1,55,19,2,1.0,1.8,0.4,0.6,0,0.2,1.8,1.4,0.0
868015,48,34,2022,1,34,19,2,1.2,1.4,0.4,0.4,1,0.4667,1.2,1.2,0.0
868242,33,45,2022,1,45,11,5,0.8,1.8,0.4,0.6,1,0.4,1.2,1.8,1.0
868236,66,65,2022,1,65,14,5,1.8,0.4,0.8,0.6,3,0.8667,1.2,2.0,0.0
868245,39,49,2022,1,49,14,5,1.0,1.8,0.2,0.2,0,0.1333,1.2,1.0,0.0
868237,55,34,2022,1,34,14,5,1.2,1.2,0.2,0.2,0,0.1333,2.2,1.0,0.0
868240,46,35,2022,1,35,14,5,0.8,1.8,0.0,0.0,0,0.0,1.0,1.8,0.0
868238,36,48,2022,1,48,14,5,1.0,1.8,0.2,0.2,0,0.0667,1.4,2.0,0.0
868244,47,51,2022,1,51,14,5,1.8,1.2,0.4,0.2,0,0.2667,2.4,1.0,1.0
868243,41,50,2022,1,50,16,5,0.8,1.2,0.2,0.4,0,0.0667,2.4,0.6,0.0
868239,63,52,2022,1,52,13,6,1.8,2.0,0.4,0.0,1,0.5333,0.6,1.6,0.0
868241,40,42,2022,1,42,15,6,2.0,1.0,0.4,0.6,0,0.2,3.6,0.8,0.0
868246,66,34,2022,1,34,11,5,2.0,0.4,0.8,0.6,4,0.9333,2.6,0.8,0.0
868248,45,36,2022,1,36,14,5,1.2,1.4,0.2,0.2,0,0.1333,0.8,2.0,0.0
868252,41,52,2022,1,52,14,5,0.8,2.0,0.0,0.2,0,0.0,1.6,1.6,0.0
868247,49,51,2022,1,51,14,5,1.0,1.2,0.2,0.2,0,0.0667,1.8,1.4,0.0
868255,39,55,2022,1,55,14,5,1.2,1.4,0.4,0.4,1,0.4,1.4,1.4,0.0
868253,47,35,2022,1,35,14,5,1.8,1.4,0.4,0.0,1,0.4667,0.8,1.2,1.0
868250,50,46,2022,1,46,16,5,3.0,0.6,1.0,0.4,5,1.0,0.8,1.8,1.0
868254,48,42,2022,1,42,13,6,0.8,2.0,0.4,0.4,1,0.5333,3.2,1.2,0.0
868251,65,33,2022,1,33,15,6,0.8,2.0,0.0,0.0,0,0.0,0.6,1.8,0.0
868249,63,40,2022,1,40,19,0,2.0,2.8,0.4,0.0,0,0.4,2.0,1.4,1.0
868257,42,41,2022,1,41,19,4,3.0,1.2,0.6,0.2,0,0.4,0.8,2.4,0.0
868261,36,63,2022,1,63,11,5,1.2,2.0,0.2,0.0,1,0.3333,1.8,3.6,1.0
868262,46,39,2022,1,39,14,5,0.8,1.8,0.0,0.0,0,0.0,1.4,1.4,1.0
868260,52,45,2022,1,45,14,5,2.0,1.4,0.6,0.2,3,0.8,1.0,1.6,0.0
868263,40,65,2022,1,65,14,5,1.8,1.6,0.2,0.2,1,0.3333,0.6,1.8,0.0
868258,55,66,2022,1,66,14,5,1.0,1.8,0.0,0.0,0,0.0,2.4,0.2,0.0
868256,35,48,2022,1,48,13,6,1.2,1.6,0.6,0.2,2,0.7333,1.2,1.6,0.0
868265,34,47,2022,1,47,13,6,2.2,1.2,0.8,0.2,0,0.6667,2.2,1.8,1.0
868271,39,52,2022,1,52,18,1,1.4,1.4,0.4,0.4,0,0.4667,2.0,1.2,0.0
868272,66,36,2022,1,36,18,1,2.0,0.4,0.8,0.6,0,0.6667,1.2,1.6,0.0
868267,63,46,2022,1,46,19,1,1.2,3.6,0.2,0.0,0,0.1333,1.0,1.8,0.0
868268,65,51,2022,1,51,18,2,0.8,2.0,0.0,0.0,0,0.0,1.8,1.2,0.0
868270,48,40,2022,1,40,18,2,1.8,1.4,0.6,0.6,1,0.6,2.4,1.8,0.0
868273,49,55,2022,1,55,18,2,0.6,1.4,0.0,0.2,0,0.0,1.0,1.8,0.0
868275,50,42,2022,1,42,19,2,2.8,0.6,1.0,0.4,6,1.0,3.0,1.8,1.0
868266,45,34,2022,1,34,18,3,0.8,1.6,0.0,0.2,0,0.0,3.0,1.2,0.0
868274,41,35,2022,1,35,18,3,1.4,2.6,0.0,0.0,0,0.0,1.2,1.8,1.0
868269,47,33,2022,1,33,19,3,1.8,2.8,0.2,0.0,0,0.2,1.0,0.4,0.0
868280,52,48,2022,1,48,11,5,1.8,0.8,0.6,0.4,0,0.4,1.8,1.8,1.0
868279,51,39,2022,1,39,14,5,1.8,1.8,0.4,0.2,0,0.4,1.4,0.6,1.0
868278,55,65,2022,1,65,14,5,0.8,1.2,0.2,0.2,1,0.3333,1.2,2.0,0.0
868276,35,63,2022,1,63,13,6,1.0,1.6,0.6,0.4,1,0.6667,1.2,3.0,0.0
868284,33,66,2022,1,66,13,6,1.4,0.8,0.6,0.6,0,0.6,1.8,0.4,0.0
868285,34,41,2022,1,41,13,6,3.4,1.4,0.8,0.0,2,0.8,0.8,2.2,1.0
868281,36,50,2022,1,50,13,6,1.2,1.2,0.4,0.0,0,0.4667,3.2,0.8,0.0
868283,40,47,2022,1,47,15,6,2.6,1.2,0.6,0.2,3,0.8,1.6,2.6,1.0
868282,46,45,2022,1,45,19,0,1.0,1.6,0.2,0.0,0,0.2667,0.6,2.0,1.0
868277,42,49,2022,1,49,19,1,2.4,2.4,0.2,0.0,0,0.0667,0.2,1.4,1.0
868221,40,36,2022,1,36,19,2,3.4,1.8,0.8,0.0,4,0.9333,1.2,1.2,0.0
868222,50,48,2022,1,48,19,2,3.4,1.0,1.0,0.0,8,1.0,2.2,1.6,1.0
868219,51,33,2022,1,33,19,3,2.4,1.2,0.6,0.4,1,0.6,1.6,0.4,1.0
868290,50,63,2022,1,63,14,5,3.2,0.8,1.0,0.2,9,1.0,1.0,3.6,1.0
868286,35,49,2022,1,49,14,5,1.8,1.4,0.8,0.4,2,0.8,0.4,1.6,0.0
868293,47,52,2022,1,52,14,5,2.0,3.2,0.2,0.0,0,0.0667,2.2,1.2,1.0
868295,39,66,2022,1,66,14,5,1.2,1.6,0.6,0.6,0,0.4667,1.4,0.4,0.0
868289,40,55,2022,1,55,16,5,3.2,1.4,1.0,0.2,5,1.0,1.2,1.2,0.0
868291,34,42,2022,1,42,15,6,3.0,1.4,0.8,0.0,3,0.8667,2.2,2.4,0.0
868294,48,33,2022,1,33,18,6,2.0,2.2,0.2,0.2,0,0.1333,1.4,0.6,0.0
868288,36,46,2022,1,46,14,0,1.2,1.2,0.4,0.0,0,0.2,1.2,1.6,1.0
868287,51,45,2022,1,45,16,0,2.2,1.2,0.6,0.4,2,0.7333,0.8,2.2,1.0
868292,65,41,2022,1,41,19,0,1.2,2.0,0.2,0.0,0,0.2667,1.0,2.6,1.0
868302,63,34,2022,1,34,11,5,1.0,3.0,0.0,0.0,0,0.0,2.6,1.6,0.0
868297,66,47,2022,1,47,14,5,1.0,0.6,0.4,0.4,0,0.2667,1.8,3.0,1.0
868304,33,39,2022,1,39,14,5,1.0,0.8,0.4,0.4,0,0.2667,1.2,1.6,1.0
868299,49,65,2022,1,65,14,5,1.0,1.8,0.2,0.0,1,0.3333,2.0,2.2,0.0
868305,41,36,2022,1,36,14,5,1.4,2.6,0.0,0.0,0,0.0,1.6,1.6,0.0
868300,52,35,2022,1,35,14,5,1.2,1.2,0.4,0.4,0,0.3333,1.8,2.0,1.0
868298,55,48,2022,1,48,13,6,1.0,1.0,0.4,0.2,0,0.4667,1.8,1.8,1.0
868301,45,50,2022,1,50,13,6,1.8,2.0,0.2,0.2,1,0.3333,2.8,0.8,0.0
868296,42,51,2022,1,51,15,6,2.2,2.0,0.4,0.2,2,0.6,2.2,1.8,1.0
868303,46,40,2022,1,40,19,0,1.8,2.4,0.2,0.0,0,0.1333,2.2,1.2,0.0
868193,34,51,2022,1,51,18,3,3.0,1.4,0.6,0.0,0,0.4,2.4,1.6,0.0
868313,47,55,2022,1,55,11,5,1.6,2.8,0.2,0.2,0,0.2667,1.4,0.6,0.0
868308,36,52,2022,1,52,14,5,1.6,1.4,0.4,0.2,2,0.6,1.2,1.2,1.0
868315,39,45,2022,1,45,14,5,0.8,2.0,0.4,0.4,0,0.4,1.6,2.0,1.0
868306,35,33,2022,1,33,14,5,1.2,2.0,0.4,0.2,0,0.3333,1.0,0.8,0.0
868309,40,66,2022,1,66,14,5,2.2,0.8,1.0,0.6,7,1.0,0.8,0.8,1.0
868312,65,42,2022,1,42,16,5,2.4,2.2,0.4,0.0,0,0.4,1.8,2.2,0.0
868314,48,63,2022,1,63,12,6,1.0,2.2,0.2,0.2,0,0.2667,1.2,2.2,0.0
868307,51,41,2022,1,41,13,6,2.4,1.8,0.6,0.6,0,0.4667,1.4,2.6,1.0
868310,50,49,2022,1,49,15,6,2.8,0.6,1.0,0.4,11,1.0,1.4,2.0,1.0
868311,34,46,2022,1,46,19,0,2.6,1.4,0.6,0.0,1,0.5333,1.6,2.4,1.0
868259,51,50,2022,1,50,19,2,1.8,2.0,0.6,0.4,1,0.6,2.2,0.4,0.0
868264,33,49,2022,1,49,19,3,0.8,0.4,0.6,0.6,2,0.6667,1.2,1.8,0.0
868317,66,51,2022,1,51,15,6,0.8,0.8,0.4,0.2,0,0.3333,1.8,2.2,1.0
868318,55,50,2022,1,50,15,6,1.8,0.6,0.8,0.4,2,0.8,2.0,0.4,1.0
868325,41,40,2022,1,40,15,6,1.0,2.6,0.0,0.0,0,0.0,2.0,0.8,0.0
868324,33,36,2022,1,36,15,6,1.4,0.6,0.6,0.4,3,0.8,2.0,1.6,1.0
868322,63,47,2022,1,47,15,6,1.2,2.4,0.0,0.0,0,0.0,1.6,2.2,0.0
868319,49,34,2022,1,34,15,6,1.4,2.2,0.2,0.0,0,0.1333,1.8,1.2,0.0
868323,46,48,2022,1,48,15,6,1.2,2.2,0.0,0.2,0,0.0,1.4,2.0,1.0
868320,52,65,2022,1,65,15,6,1.6,1.6,0.4,0.2,0,0.4,2.2,1.6,0.0
868316,42,39,2022,1,39,15,6,1.2,1.8,0.4,0.2,0,0.3333,0.8,1.8,1.0
868321,45,35,2022,1,35,15,6,1.8,2.2,0.2,0.0,0,0.2,1.2,1.4,0.0
1035037,44,50,2023,1,50,19,4,1.5025436557231588,1.52839405501331,0.3768854480922804,0.23459032830523516,0,0.0,1.4,0.6,0.5
1035038,42,65,2023,1,65,11,5,2.0,1.0,0.6,0.4,1,0.5333,1.8,1.6,0.5
1035040,51,1359,2023,1,1359,14,5,1.8,1.6,0.4,0.2,0,0.2667,1.5235312666076175,1.4945968999114259,0.5
1035039,35,48,2023,1,48,14,5,1.0,1.6,0.2,0.0,0,0.0667,1.0,1.6,0.0
1035042,62,52,2023,1,52,14,5,1.5025436557231588,1.52839405501331,0.3768854480922804,0.23459032830523516,0,0.0,1.8,1.4,0.5
1035041,45,36,2023,1,36,14,5,1.8,1.4,0.4,0.2,1,0.4667,2.0,1.6,0.0
1035043,34,66,2023,1,66,16,5,1.4,1.2,0.2,0.2,0,0.2,1.0,1.0,0.5
1035044,55,47,2023,1,47,13,6,1.6,0.6,0.8,0.4,3,0.8667,2.0,2.0,0.5
1035045,49,40,2023,1,40,15,6,1.4,1.8,0.2,0.0,0,0.0667,2.0,1.0,0.0
1035046,33,39,2023,1,39,19,0,1.8,0.6,0.8,0.4,4,0.9333,0.4,2.8,1.0
1035053,65,62,2023,1,62,18,4,1.8,1.6,0.4,0.2,0,0.2667,0.0,1.0,0.5
1035056,39,51,2023,1,51,14,5,0.4,1.8,0.2,0.2,0,0.0667,2.0,1.8,0.0
1035050,40,35,2023,1,35,14,5,2.0,1.2,0.4,0.4,0,0.2,0.4,1.6,0.5
1035049,36,55,2023,1,55,14,5,2.2,1.4,0.6,0.4,1,0.5333,1.6,0.8,0.5
1035054,47,33,2023,1,33,16,5,1.8,1.6,0.4,0.2,0,0.3333,2.0,0.4,0.0
1035052,50,34,2023,1,34,19,5,1.6,0.4,0.6,0.6,1,0.5333,2.4,1.0,0.5
1035047,66,45,2023,1,45,13,6,1.2,1.8,0.4,0.0,0,0.4,1.4,1.2,1.0
1035055,48,49,2023,1,49,15,6,1.2,1.2,0.4,0.2,0,0.2667,1.0,1.8,0.0
1035048,52,42,2023,1,42,19,0,1.2,0.8,0.4,0.4,1,0.4667,1.8,1.0,0.0
1035062,49,1359,2023,1,1359,19,4,0.8,2.0,0.0,0.0,0,0.0,1.0,4.0,0.5
1035057,35,47,2023,1,47,11,5,0.4,1.6,0.0,0.0,0,0.0,2.0,1.6,0.5
1035059,55,52,2023,1,52,14,5,2.2,0.6,0.8,0.6,1,0.7333,1.2,0.8,0.0
1035063,45,39,2023,1,39,14,5,0.4,1.8,0.2,0.2,0,0.2,0.4,2.6,0.0
1035064,33,65,2023,1,65,14,5,1.6,0.8,0.8,0.4,0,0.6667,1.4,1.2,1.0
1035058,42,36,2023,1,36,14,5,1.6,1.0,0.6,0.4,3,0.8,1.2,1.4,1.0
1035060,51,48,2023,1,48,16,5,2.6,1.2,0.6,0.0,2,0.6667,1.6,1.4,1.0
1035061,44,66,2023,1,66,13,6,0.0,3.0,0.0,0.0,0,0.0,2.0,1.6,0.5
1035066,62,50,2023,1,50,13,6,0.5,1.5,0.0,0.0,0,0.0,1.2,0.4,0.5
1035065,34,40,2023,1,40,15,6,2.0,0.8,0.4,0.2,0,0.3333,2.4,1.4,0.0
1035074,1359,48,2023,1,48,19,4,0.5,3.5,0.0,0.0,0,0.0,2.2,1.2,0.5
1035076,62,45,2023,1,45,11,5,0.6667,1.6667,0.0,0.0,0,0.0,0.4,1.4,0.5
1035070,44,47,2023,1,47,14,5,0.5,3.0,0.0,0.0,0,0.0,2.2,1.2,0.5
1035071,49,65,2023,1,65,14,5,1.4,1.8,0.2,0.2,1,0.3333,1.4,1.4,0.0
1035075,50,36,2023,1,36,14,5,1.4,0.6,0.6,0.4,3,0.8,1.2,1.8,1.0
1035068,55,35,2023,1,35,14,5,2.0,0.8,0.6,0.4,0,0.4667,0.4,1.6,0.5
1035069,51,34,2023,1,34,16,5,2.2,1.6,0.4,0.0,0,0.4667,1.4,1.0,0.0
1035073,40,66,2023,1,66,13,6,2.2,1.6,0.4,0.0,2,0.6,2.2,1.6,0.5
1035072,52,39,2023,1,39,13,6,1.0,1.0,0.2,0.2,0,0.2,0.6,2.2,0.5
1035067,42,33,2023,1,33,15,6,2.0,0.8,0.6,0.4,0,0.6,2.0,1.2,0.5
1035086,39,40,2023,1,40,11,5,0.8,2.6,0.2,0.2,0,0.2667,2.6,1.4,0.5
1035080,36,1359,2023,1,1359,14,5,1.0,2.4,0.2,0.2,0,0.1333,0.6667,3.0,0.5
1035078,66,52,2023,1,52,14,5,2.0,2.0,0.6,0.2,0,0.5333,1.2,1.0,0.5
1035084,47,62,2023,1,62,14,5,3.0,1.0,0.8,0.4,3,0.8667,1.0,1.75,0.5
1035085,48,50,2023,1,50,14,5,2.0,1.2,0.6,0.0,3,0.8,2.2,0.6,0.0
1035081,33,51,2023,1,51,14,5,1.4,1.6,0.6,0.2,0,0.4667,2.6,1.6,0.0
1035082,34,55,2023,1,55,16,5,1.6,1.6,0.2,0.0,0,0.1333,1.8,1.0,1.0
1035077,35,49,2023,1,49,13,6,0.8,1.8,0.0,0.0,0,0.0,1.2,1.2,0.0
1035079,45,42,2023,1,42,15,6,0.6,1.6,0.2,0.2,0,0.0667,2.6,0.8,0.5
1035083,65,44,2023,1,44,18,0,1.4,1.4,0.4,0.2,1,0.5333,1.0,3.6667,0.5
1035094,1359,39,2023,1,39,14,5,0.5,2.5,0.0,0.0,0,0.0,1.0,2.2,0.5
1035092,52,36,2023,1,36,14,5,1.2,1.4,0.4,0.2,0,0.3333,1.0,2.0,0.0
1035095,50,65,2023,1,65,14,5,2.8,0.6,1.0,0.4,5,1.0,1.4,1.4,0.5
1035088,55,45,2023,1,45,16,5,1.6,1.2,0.2,0.2,0,0.1333,0.4,1.8,0.0
1035090,44,33,2023,1,33,19,5,1.0,3.0,0.0,0.0,0,0.0,1.2,2.0,0.5
1035089,51,35,2023,1,35,13,6,3.0,1.4,0.8,0.0,2,0.8,0.8,1.6,1.0
1035087,42,47,2023,1,47,13,6,1.8,0.8,0.8,0.4,2,0.8,2.6,1.0,1.0
1035093,40,48,2023,1,48,13,6,2.4,0.8,0.8,0.2,4,0.9333,2.0,1.4,1.0
1035091,49,66,2023,1,66,13,6,1.0,1.0,0.2,0.4,0,0.2,2.2,2.0,0.5
1035096,62,34,2023,1,34,15,6,1.0,1.8,0.0,0.0,0,0.0,1.6,1.4,0.5
1035098,66,51,2023,1,51,11,5,2.2,1.0,0.8,0.4,2,0.8,2.8,1.4,1.0
1035101,33,52,2023,1,52,14,5,1.2,2.0,0.4,0.2,1,0.4667,1.0,1.4,0.5
1035097,35,42,2023,1,42,14,5,0.8,2.0,0.0,0.2,0,0.0,1.8,1.0,0.0
1035099,45,1359,2023,1,1359,14,5,1.0,1.8,0.2,0.0,1,0.3333,0.6,2.2,0.5
1035102,34,44,2023,1,44,14,5,2.2,1.2,0.4,0.4,2,0.6,0.8,2.6,0.5
1035105,48,62,2023,1,62,14,5,2.0,1.8,0.6,0.0,0,0.4,1.0,3.2,0.5
1035106,39,50,2023,1,50,14,5,1.2,2.2,0.2,0.2,0,0.1333,2.6,0.6,0.0
1035104,47,40,2023,1,40,16,5,2.6,1.0,0.8,0.4,0,0.6667,2.8,0.8,0.0
1035103,65,55,2023,1,55,13,6,1.2,1.4,0.4,0.2,0,0.2667,1.4,1.4,0.0
1035100,36,49,2023,1,49,19,0,0.8,2.0,0.2,0.4,0,0.2667,0.8,1.0,0.5
1035051,1359,44,2023,1,44,18,1,0.8,1.6,0.2,0.0,1,0.3333,0.8,2.4,0.5
1035113,1359,47,2023,1,47,11,5,1.0,1.4,0.2,0.0,0,0.2667,2.6,1.2,0.5
1035112,36,62,2023,1,62,14,5,0.8,1.8,0.2,0.4,0,0.2,0.8,3.2,0.5
1035114,33,55,2023,1,55,14,5,1.2,1.8,0.4,0.2,0,0.3333,1.0,1.6,0.5
1035111,45,35,2023,1,35,14,5,1.2,1.4,0.2,0.0,0,0.2667,0.6,2.2,0.5
1035109,44,49,2023,1,49,14,5,1.0,2.0,0.2,0.0,1,0.3333,1.0,0.4,0.5
1035110,52,65,2023,1,65,16,5,1.2,1.2,0.4,0.4,1,0.4667,1.0,1.4,0.0
1035108,51,40,2023,1,40,13,6,2.2,2.4,0.6,0.0,0,0.6,2.4,1.0,0.5
1035115,48,34,2023,1,34,13,6,1.8,1.6,0.6,0.2,1,0.5333,2.6,1.0,0.0
1035116,39,66,2023,1,66,13,6,1.4,1.6,0.4,0.2,1,0.4,2.6,1.2,0.5
1035107,42,50,2023,1,50,15,6,2.4,1.0,0.6,0.4,1,0.6667,2.6,1.0,0.0
1035121,40,45,2023,1,45,11,5,2.4,1.2,0.6,0.2,0,0.4,1.8,1.2,0.5
1035122,50,51,2023,1,51,14,5,2.2,1.0,0.6,0.2,0,0.4,2.4,2.2,0.5
1035123,34,52,2023,1,52,14,5,2.8,1.0,0.6,0.6,0,0.6,1.0,1.0,0.0
1035124,65,1359,2023,1,1359,14,5,0.6,0.8,0.2,0.4,0,0.0667,0.8,1.2,0.5
1035117,35,39,2023,1,39,14,5,0.6,2.4,0.0,0.2,0,0.0,1.4,1.8,0.5
1035119,55,44,2023,1,44,14,5,1.0,1.8,0.0,0.0,0,0.0,0.8,1.8,0.5
1035120,49,42,2023,1,42,16,5,1.2,0.6,0.4,0.4,2,0.6,2.2,0.6,0.0
1035125,62,33,2023,1,33,19,5,0.8,3.4,0.0,0.0,0,0.0,1.0,1.6,0.5
1035118,66,48,2023,1,48,15,6,2.2,1.2,0.6,0.2,0,0.6,1.6,1.8,0.0
1035126,47,36,2023,1,36,19,0,2.4,1.2,0.8,0.2,2,0.8,1.0,1.6,1.0
1035132,52,47,2023,1,47,19,4,0.4,1.4,0.2,0.6,0,0.2,1.8,0.8,0.0
1035131,49,55,2023,1,55,11,5,1.6,0.8,0.4,0.4,0,0.4667,1.2,1.4,0.0
1035127,35,44,2023,1,44,14,5,0.4,2.4,0.0,0.2,0,0.0,0.6,2.2,0.5
1035128,42,62,2023,1,62,14,5,2.0,0.8,0.6,0.6,0,0.5333,0.6,3.4,0.5
1035136,39,34,2023,1,34,16,5,1.4,1.4,0.4,0.0,1,0.5333,3.4,0.4,0.0
1035135,48,45,2023,1,45,13,6,1.4,2.4,0.2,0.2,0,0.2,1.4,1.2,0.5
1035129,66,1359,2023,1,1359,14,6,3.0,0.8,0.8,0.2,1,0.7333,1.2,1.4,0.5
1035130,51,36,2023,1,36,14,6,2.0,2.4,0.4,0.0,0,0.2,0.8,1.0,0.0
1035133,40,65,2023,1,65,14,6,2.2,1.2,0.6,0.2,1,0.5333,0.8,1.2,0.5
1035134,33,50,2023,1,50,15,6,1.2,1.2,0.6,0.2,2,0.7333,1.6,1.0,0.5
1035140,36,33,2023,1,33,12,5,0.8,1.2,0.2,0.2,0,0.2,1.0,1.2,0.0
1035145,62,39,2023,1,39,15,5,0.4,4.0,0.0,0.0,0,0.0,1.6,1.2,0.5
1035138,44,52,2023,1,52,15,5,0.8,2.4,0.2,0.0,0,0.1333,0.4,1.2,0.5
1035139,45,51,2023,1,51,15,5,1.6,1.0,0.6,0.4,1,0.6,1.6,2.4,0.5
1035137,55,48,2023,1,48,15,5,1.6,1.2,0.4,0.4,2,0.6,1.2,2.0,1.0
1035142,50,35,2023,1,35,15,5,1.6,0.8,0.6,0.4,2,0.6667,0.8,2.6,1.0
1035143,34,42,2023,1,42,17,5,3.6,0.8,0.6,0.6,0,0.4667,2.8,0.8,0.0
1035144,65,66,2023,1,66,14,6,0.6,1.6,0.0,0.2,0,0.0,3.0,0.8,0.0
1035141,1359,40,2023,1,40,16,6,1.2,1.8,0.2,0.0,0,0.0667,2.2,1.0,0.5
1035146,47,49,2023,1,49,20,0,1.8,0.8,0.8,0.4,4,0.9333,1.6,1.2,0.5
1035156,39,47,2023,1,47,12,5,1.6,1.4,0.4,0.0,0,0.2667,1.6,1.2,0.5
1035148,42,44,2023,1,44,15,5,2.4,0.6,0.6,0.6,0,0.4667,0.8,2.4,0.5
1035152,52,45,2023,1,45,15,5,0.8,1.2,0.4,0.6,1,0.4,1.2,1.0,0.0
1035154,33,1359,2023,1,1359,15,5,1.0,1.2,0.6,0.2,1,0.6667,1.0,1.8,0.5
1035147,35,34,2023,1,34,17,5,0.8,3.2,0.2,0.0,0,0.2667,2.2,0.8,0.0
1035149,66,36,2023,1,36,14,6,2.8,1.2,0.6,0.0,0,0.5333,0.8,1.4,0.5
1035150,51,62,2023,1,62,14,6,1.2,2.4,0.0,0.0,0,0.0,0.8,2.6,0.5
1035155,48,65,2023,1,65,14,6,1.4,2.0,0.2,0.2,0,0.0667,1.0,1.2,0.5
1035153,40,55,2023,1,55,14,6,1.8,1.0,0.4,0.4,0,0.4667,2.0,1.0,0.5
1035151,49,50,2023,1,50,16,6,2.4,1.2,0.6,0.2,1,0.5333,2.4,1.0,0.0
1035299,50,40,2023,1,40,12,5,3.0,1.4,0.6,0.2,0,0.6,2.2,0.6,0.5
1035300,34,49,2023,1,49,15,5,1.8,1.2,0.4,0.4,0,0.4,2.8,2.0,0.5
1035301,65,51,2023,1,51,15,5,1.2,1.6,0.2,0.4,0,0.2667,1.2,1.4,0.5
1035302,62,35,2023,1,35,15,5,1.0,2.4,0.2,0.0,0,0.2667,1.2,2.4,0.5
1035298,1359,52,2023,1,52,15,5,0.8,1.6,0.0,0.0,0,0.0,1.0,1.8,0.5
1035295,44,48,2023,1,48,15,5,0.6,2.8,0.0,0.0,0,0.0,1.6,2.4,0.5
1035294,55,42,2023,1,42,17,5,1.8,1.4,0.6,0.4,0,0.6,2.2,0.8,0.0
1035303,47,66,2023,1,66,14,6,1.4,1.4,0.6,0.4,0,0.4,2.2,1.2,0.0
1035296,45,33,2023,1,33,16,6,1.6,1.0,0.6,0.4,1,0.6,1.2,1.0,0.0
1035297,36,39,2023,1,39,20,0,1.0,1.6,0.2,0.0,0,0.0667,1.6,1.4,0.0
1035305,42,39,2023,1,39,15,5,2.2,0.8,0.6,0.4,2,0.7333,1.8,1.8,1.0
1035306,55,1359,2023,1,1359,15,5,1.6,1.2,0.6,0.4,0,0.4,1.2,1.6,0.5
1035307,44,62,2023,1,62,15,5,0.6,2.4,0.0,0.0,0,0.0,1.0,2.4,0.5
1035312,65,45,2023,1,45,17,5,1.6,2.2,0.2,0.2,0,0.2,1.0,1.6,0.0
1035311,34,33,2023,1,33,20,5,2.2,1.0,0.6,0.4,1,0.6,1.4,0.8,0.5
1035304,35,66,2023,1,66,14,6,1.8,2.0,0.6,0.2,2,0.7333,2.4,1.2,0.5
1035309,40,36,2023,1,36,14,6,2.0,0.4,0.6,0.6,0,0.4667,1.0,1.8,0.5
1035313,48,52,2023,1,52,14,6,1.6,2.2,0.4,0.0,2,0.6,1.2,2.2,0.0
1035308,49,51,2023,1,51,14,6,2.2,2.6,0.2,0.0,0,0.2,1.4,1.4,0.0
1035310,50,47,2023,1,47,16,6,3.2,1.4,0.6,0.2,0,0.4,1.4,1.8,0.5
1035321,39,44,2023,1,44,19,1,1.6,2.0,0.2,0.0,0,0.2,1.6,1.8,0.5
1035318,1359,42,2023,1,42,20,1,1.0,1.8,0.2,0.0,0,0.2667,2.2,0.6,0.5
1035317,36,65,2023,1,65,19,2,1.6,2.2,0.2,0.0,0,0.2667,1.2,2.0,1.0
1035315,51,55,2023,1,55,19,2,1.6,1.6,0.2,0.0,0,0.2667,1.6,1.4,0.0
1035322,52,35,2023,1,35,19,2,1.4,1.6,0.2,0.2,0,0.1333,2.0,2.0,1.0
1035319,62,40,2023,1,40,19,2,0.8,3.0,0.2,0.0,0,0.1333,2.4,1.0,0.5
1035323,33,49,2023,1,49,20,2,1.0,0.8,0.6,0.6,0,0.6,2.4,2.6,0.5
1035314,66,50,2023,1,50,20,2,2.0,1.4,0.6,0.0,0,0.5333,3.4,1.8,0.0
1035316,45,34,2023,1,34,19,3,1.2,1.2,0.6,0.4,1,0.6,1.6,1.0,0.0
1035320,47,48,2023,1,48,20,3,1.6,2.4,0.2,0.0,0,0.0667,1.6,1.6,0.5
1035326,52,40,2023,1,40,12,5,1.2,1.6,0.2,0.2,0,0.0667,2.2,1.0,0.0
1035330,33,35,2023,1,35,15,5,1.4,0.4,0.8,0.6,1,0.7333,2.0,1.8,1.0
1035333,39,65,2023,1,65,15,5,1.4,1.6,0.4,0.2,1,0.4667,1.2,2.4,0.5
1035331,62,55,2023,1,55,15,5,0.8,2.4,0.2,0.0,0,0.0667,1.4,1.8,0.5
1035325,51,44,2023,1,44,15,5,1.8,1.6,0.4,0.0,1,0.5333,1.4,1.6,0.5
1035324,66,42,2023,1,42,17,5,1.6,1.2,0.6,0.2,1,0.6667,2.0,1.2,0.0
1035329,1359,50,2023,1,50,14,6,1.4,2.0,0.2,0.0,0,0.2,2.8,2.0,0.5
1035328,36,48,2023,1,48,14,6,2.4,2.0,0.4,0.2,1,0.5333,2.0,1.6,0.0
1035327,45,49,2023,1,49,14,6,1.6,1.2,0.6,0.4,2,0.7333,2.6,2.6,0.0
1035332,47,34,2023,1,34,16,6,1.4,2.6,0.0,0.0,0,0.0,1.2,1.2,0.0
1035342,65,47,2023,1,47,20,4,1.0,2.6,0.0,0.0,0,0.0,2.0,2.0,0.0
1035341,34,36,2023,1,36,15,5,1.2,2.0,0.4,0.2,0,0.3333,3.4,1.8,1.0
1035340,50,52,2023,1,52,15,5,2.0,2.0,0.2,0.0,1,0.3333,1.0,2.0,1.0
1035338,49,62,2023,1,62,15,5,1.8,2.8,0.2,0.0,0,0.2,0.6,2.2,0.5
1035337,44,45,2023,1,45,17,5,1.6,1.4,0.2,0.2,0,0.2,1.8,1.0,0.5
1035343,48,39,2023,1,39,14,6,1.6,2.0,0.6,0.0,0,0.4667,1.4,1.4,0.5
1035335,42,51,2023,1,51,14,6,2.0,1.2,0.8,0.2,0,0.6667,1.8,1.6,0.5
1035336,55,66,2023,1,66,14,6,0.8,1.6,0.2,0.0,0,0.2,1.8,0.8,0.0
1035339,40,33,2023,1,33,16,6,2.4,1.0,0.8,0.4,3,0.8667,1.2,1.0,0.5
1035345,52,51,2023,1,51,20,3,1.0,1.8,0.0,0.0,0,0.0,1.6,1.8,0.0
1035344,66,62,2023,1,62,20,4,1.6,0.8,0.8,0.4,3,0.8667,0.4,2.4,0.5
1035352,48,33,2023,1,33,12,5,1.6,1.6,0.6,0.2,1,0.6,1.0,1.0,0.5
1035348,1359,34,2023,1,34,15,5,1.4,2.2,0.2,0.0,0,0.1333,1.8,1.6,0.5
1035351,47,45,2023,1,45,15,5,2.2,1.6,0.4,0.2,2,0.6,1.6,0.6,0.5
1035346,36,44,2023,1,44,15,5,3.2,1.8,0.6,0.4,0,0.5333,1.4,1.2,0.5
1035350,65,35,2023,1,35,15,5,0.6,2.4,0.0,0.0,0,0.0,2.4,0.6,0.0
1035347,40,42,2023,1,42,17,5,1.8,1.0,0.6,0.4,0,0.6,1.8,1.0,0.0
1035353,39,49,2023,1,49,13,6,1.0,1.8,0.2,0.2,0,0.2,1.4,2.0,0.5
1035362,34,65,2023,1,65,12,1,1.0,1.6,0.4,0.4,0,0.3333,0.6,2.4,1.0
1035354,35,36,2023,1,36,15,1,2.6,1.0,0.8,0.4,3,0.8667,2.6,1.8,0.5
1035363,62,1359,2023,1,1359,15,1,0.4,2.0,0.2,0.2,0,0.2,1.6,2.0,0.5
1035358,44,40,2023,1,40,17,1,1.6,0.8,0.4,0.4,1,0.4,1.8,1.0,0.5
1035361,33,66,2023,1,66,20,1,0.4,1.4,0.2,0.2,0,0.1333,1.4,0.8,0.5
1035356,55,39,2023,1,39,19,2,1.0,1.4,0.2,0.0,0,0.1333,1.0,1.4,0.0
1035359,49,52,2023,1,52,19,2,1.4,1.6,0.4,0.2,0,0.3333,1.0,1.6,1.0
1035360,45,50,2023,1,50,20,2,1.8,0.4,0.8,0.8,0,0.6667,1.6,1.6,0.0
1035357,51,47,2023,1,47,19,3,1.2,1.6,0.2,0.0,0,0.1333,2.4,1.4,0.0
1035355,42,48,2023,1,48,20,3,1.8,1.2,0.6,0.2,0,0.4667,1.6,1.4,0.5
1035368,1359,49,2023,1,49,12,5,1.8,2.2,0.4,0.2,2,0.6,1.2,1.4,0.0
1035373,39,45,2023,1,45,15,5,1.6,1.2,0.6,0.2,2,0.6667,1.8,1.0,0.6667
1035364,66,44,2023,1,44,15,5,1.4,1.0,0.6,0.4,0,0.4,0.6,1.2,1.0
1035365,52,55,2023,1,55,15,5,1.0,1.8,0.0,0.0,0,0.0,1.2,2.0,0.0
1035369,50,62,2023,1,62,15,5,2.0,1.6,0.4,0.0,1,0.5333,0.8,1.6,1.0
1035370,65,33,2023,1,33,17,5,1.2,2.4,0.2,0.0,1,0.3333,1.0,1.6,0.0
1035371,47,35,2023,1,35,14,6,2.2,1.6,0.6,0.2,0,0.6,2.6,0.8,0.6667
1035366,36,42,2023,1,42,14,6,2.0,1.6,0.4,0.4,0,0.2,1.4,1.4,0.0
1035367,40,34,2023,1,34,20,0,1.4,0.4,0.6,0.6,1,0.5333,1.0,2.2,1.0
1035372,48,51,2023,1,51,19,1,1.8,1.2,0.8,0.6,3,0.8667,1.6,1.4,0.3333
1035378,44,1359,2023,1,1359,19,4,1.0,1.6,0.2,0.2,0,0.2,2.0,2.2,1.0
1035379,49,36,2023,1,36,12,5,1.6,1.4,0.6,0.2,2,0.7333,1.4,1.8,0.3333
1035382,34,50,2023,1,50,17,5,1.4,2.4,0.2,0.2,0,0.1333,1.8,1.0,0.0
1035380,45,66,2023,1,66,14,6,1.2,1.6,0.4,0.4,0,0.2,1.8,1.4,0.0
1035381,33,47,2023,1,47,16,6,0.8,1.8,0.2,0.2,0,0.2667,2.6,1.4,0.3333
1035375,42,52,2023,1,52,12,5,0.8,1.2,0.2,0.2,0,0.1333,1.6,1.6,1.0
1035376,55,65,2023,1,65,17,5,0.8,2.4,0.0,0.0,0,0.0,1.6,1.6,0.3333
1035383,62,48,2023,1,48,14,6,0.8,1.6,0.2,0.2,0,0.0667,1.4,1.0,0.0
1035374,35,40,2023,1,40,16,6,2.4,1.0,0.8,0.6,0,0.6667,1.8,0.8,0.3333
1035377,51,39,2023,1,39,19,0,1.2,1.2,0.2,0.2,0,0.2667,2.0,1.2,1.0
1035387,65,42,2023,1,42,19,1,1.8,2.0,0.4,0.0,0,0.4667,1.8,1.0,0.3333
1035386,1359,51,2023,1,51,19,1,1.6,1.6,0.4,0.2,0,0.3333,1.0,1.0,0.0
1035385,36,45,2023,1,45,19,1,0.4,2.0,0.2,0.0,0,0.2667,0.8,1.6,0.6667
1035391,52,62,2023,1,62,20,1,1.4,2.2,0.2,0.0,0,0.2667,1.0,2.0,1.0
1035384,66,34,2023,1,34,20,1,1.6,1.4,0.4,0.2,0,0.3333,1.6,2.2,0.3333
1035388,47,55,2023,1,55,19,2,2.2,1.6,0.6,0.2,0,0.4667,1.2,2.4,0.0
1035393,50,44,2023,1,44,19,2,2.4,1.2,0.8,0.2,3,0.8667,1.0,1.6,1.0
1035392,40,49,2023,1,49,20,2,2.2,0.6,0.6,0.6,3,0.8,1.8,1.0,0.0
1035389,48,35,2023,1,35,19,3,1.8,0.4,0.6,0.8,0,0.4,2.0,1.8,0.6667
1035390,39,33,2023,1,33,20,3,1.8,1.0,0.6,0.4,0,0.6,1.2,1.6,0.0
1035400,45,47,2023,1,47,12,5,0.4,1.6,0.0,0.4,0,0.0,2.4,2.0,0.0
1035402,34,1359,2023,1,1359,15,5,1.6,2.4,0.2,0.0,1,0.3333,2.2,1.2,0.0
1035398,44,36,2023,1,36,15,5,1.2,1.8,0.2,0.2,0,0.0667,0.4,1.4,1.0
1035397,51,52,2023,1,52,15,5,1.0,1.4,0.2,0.4,0,0.1333,1.6,2.2,0.3333
1035403,62,66,2023,1,66,17,5,1.4,2.2,0.0,0.0,0,0.0,1.4,1.8,0.0
1035401,33,48,2023,1,48,14,6,2.0,2.2,0.4,0.0,1,0.4667,1.4,0.6,0.3333
1035399,49,39,2023,1,39,14,6,1.6,1.8,0.6,0.2,0,0.6,2.4,1.2,0.3333
1035394,35,65,2023,1,65,14,6,1.6,2.0,0.4,0.2,0,0.2,2.0,2.0,0.6667
1035395,42,40,2023,1,40,16,6,1.8,1.2,0.4,0.2,2,0.6,3.0,0.8,0.3333
1035396,55,50,2023,1,50,20,0,1.6,2.8,0.2,0.0,0,0.2667,2.6,1.2,1.0
1035409,50,45,2023,1,45,12,5,2.8,1.0,1.0,0.2,5,1.0,0.6,1.6,0.6667
1035408,1359,62,2023,1,62,15,5,2.8,2.0,0.4,0.2,0,0.3333,1.2,3.0,1.0
1035413,39,55,2023,1,55,15,5,2.8,1.4,0.6,0.4,1,0.5333,1.6,3.0,0.6667
1035407,40,44,2023,1,44,15,5,3.0,1.2,0.8,0.4,0,0.6667,1.2,2.2,1.0
1035411,47,51,2023,1,51,15,5,2.4,2.2,0.4,0.0,0,0.4,1.6,1.4,0.6667
1035406,36,35,2023,1,35,15,5,0.8,1.4,0.2,0.2,0,0.1333,1.2,1.8,0.0
1035410,65,34,2023,1,34,17,5,1.8,1.6,0.4,0.0,0,0.2,2.4,3.0,0.3333
1035412,48,42,2023,1,42,14,6,1.0,1.2,0.2,0.4,0,0.0667,2.2,1.2,0.3333
1035404,66,33,2023,1,33,16,6,2.2,1.6,0.4,0.4,1,0.4667,2.6,1.8,0.3333
1035405,52,49,2023,1,49,20,0,1.6,2.8,0.4,0.0,0,0.4,1.8,2.2,0.0
1035414,55,40,2023,1,40,12,5,1.8,2.2,0.4,0.2,1,0.4667,3.2,1.4,0.3333
1035420,34,35,2023,1,35,15,5,2.8,2.8,0.4,0.0,1,0.5333,0.8,2.4,0.0
1035421,65,48,2023,1,48,15,5,1.6,2.0,0.2,0.0,0,0.0667,0.6,2.4,0.3333
1035415,44,42,2023,1,42,15,5,1.4,2.4,0.0,0.0,0,0.0,3.4,0.8,0.0
1035417,36,66,2023,1,66,15,5,1.4,1.0,0.4,0.2,1,0.4,2.0,1.4,0.3333
1035423,47,39,2023,1,39,15,5,2.4,1.6,0.6,0.0,1,0.6,2.0,1.6,0.3333
1035419,50,49,2023,1,49,17,5,2.6,0.8,1.0,0.4,6,1.0,2.0,2.2,0.6667
1035422,62,51,2023,1,51,14,6,1.4,2.6,0.2,0.0,1,0.3333,1.0,1.4,0.0
1035418,1359,33,2023,1,33,16,6,2.4,2.2,0.2,0.2,0,0.2,2.4,1.6,0.0
1035416,45,52,2023,1,52,20,0,0.4,1.4,0.0,0.4,0,0.0,1.6,3.0,0.6667
1035349,50,55,2023,1,55,19,1,2.4,1.0,0.8,0.2,0,0.6667,1.8,2.4,0.3333
1035430,40,1359,2023,1,1359,19,2,3.2,1.2,0.8,0.2,2,0.8,2.2,2.0,0.0
1035426,66,65,2023,1,65,15,5,1.8,1.2,0.4,0.4,1,0.5333,1.6,1.8,0.3333
1035429,52,44,2023,1,44,15,5,1.2,3.0,0.2,0.0,0,0.1333,1.0,2.8,1.0
1035431,33,36,2023,1,36,15,5,2.6,1.4,0.8,0.2,4,0.9333,1.2,1.2,1.0
1035427,51,45,2023,1,45,15,5,2.0,1.4,0.4,0.4,1,0.5333,0.6,1.0,0.3333
1035424,35,50,2023,1,50,17,5,1.0,2.2,0.0,0.0,0,0.0,2.0,0.6,0.0
1035425,42,34,2023,1,34,20,5,4.2,0.4,1.0,0.6,5,1.0,2.8,2.4,0.3333
1035433,39,62,2023,1,62,13,6,1.8,1.8,0.4,0.2,1,0.5333,1.4,3.2,0.0
1035432,48,55,2023,1,55,20,0,0.6,2.8,0.0,0.0,0,0.0,1.2,2.2,0.0
1035441,65,40,2023,1,40,15,5,1.6,2.0,0.2,0.2,0,0.2667,3.2,1.4,0.3333
1035436,45,48,2023,1,48,15,5,0.8,1.2,0.0,0.2,0,0.0,1.0,2.8,0.6667
1035440,34,39,2023,1,39,15,5,2.6,2.6,0.4,0.0,0,0.2667,2.0,1.8,0.3333
1035443,47,52,2023,1,52,15,5,2.0,1.8,0.4,0.0,0,0.4,1.8,2.0,1.0
1035434,55,49,2023,1,49,15,5,1.2,2.4,0.2,0.2,0,0.1333,1.6,2.0,0.6667
1035437,36,51,2023,1,51,15,5,1.6,1.2,0.4,0.2,1,0.5333,2.2,1.6,0.6667
1035438,1359,66,2023,1,66,17,5,2.2,2.6,0.2,0.2,0,0.0667,2.6,1.6,0.0
1035435,44,35,2023,1,35,13,6,0.8,3.2,0.0,0.0,0,0.0,1.0,1.6,0.0
1035439,50,33,2023,1,33,15,6,1.6,0.4,0.8,0.6,2,0.8,2.4,1.4,0.6667
1035442,62,42,2023,1,42,20,0,1.0,3.0,0.2,0.0,0,0.2,4.0,0.6,0.0
1035451,33,45,2023,1,45,12,5,1.8,1.4,0.6,0.2,0,0.4,1.0,1.8,1.0
1035453,39,36,2023,1,36,15,5,1.4,1.6,0.6,0.2,0,0.5333,2.2,1.2,0.0
1035444,35,62,2023,1,62,15,5,1.2,1.4,0.2,0.2,1,0.3333,0.6,3.6,1.0
1035449,52,1359,2023,1,1359,15,5,1.4,2.2,0.2,0.2,0,0.2667,1.8,3.2,0.0
1035445,42,55,2023,1,55,17,5,4.8,0.4,1.0,0.6,7,1.0,1.4,2.2,0.6667
1035446,66,47,2023,1,47,13,6,3.0,1.4,0.8,0.2,3,0.8667,2.2,1.6,1.0
1035452,48,44,2023,1,44,14,6,1.4,2.8,0.4,0.0,2,0.6,0.6,3.0,1.0
1035447,51,65,2023,1,65,14,6,2.2,1.4,0.4,0.2,0,0.2667,1.4,1.8,0.3333
1035450,40,50,2023,1,50,15,6,2.6,1.2,0.8,0.2,4,0.9333,1.6,0.4,0.3333
1035448,49,34,2023,1,34,20,0,1.8,2.4,0.2,0.0,0,0.2,2.6,2.4,0.0
1035334,35,1359,2023,1,1359,19,2,1.4,1.6,0.2,0.2,0,0.2667,1.2,2.6,0.5
1035456,44,55,2023,1,55,15,5,0.6,3.0,0.0,0.0,0,0.0,1.2,2.6,0.0
1035460,1359,65,2023,1,65,15,5,1.6,2.8,0.0,0.0,0,0.0,1.2,1.8,0.0
1035459,36,47,2023,1,47,17,5,2.0,1.2,0.6,0.2,0,0.5333,2.4,1.2,0.0
1035462,48,66,2023,1,66,14,6,1.8,2.6,0.4,0.0,0,0.4667,2.0,2.2,0.3333
1035470,34,48,2023,1,48,12,5,2.2,2.2,0.4,0.2,0,0.3333,2.0,1.6,0.3333
1035464,35,45,2023,1,45,15,5,2.0,1.6,0.4,0.2,1,0.5333,0.6,1.8,0.3333
1035467,49,44,2023,1,44,15,5,2.2,2.0,0.4,0.0,1,0.4667,0.8,2.6,1.0
1035473,47,1359,2023,1,1359,15,5,2.0,1.4,0.6,0.2,0,0.5333,1.6,2.6,1.0
1035472,62,36,2023,1,36,15,5,1.0,3.0,0.2,0.0,0,0.0667,2.0,1.0,0.0
1035471,65,52,2023,1,52,15,5,1.0,1.4,0.2,0.2,0,0.0667,1.4,1.6,0.3333
1035465,66,39,2023,1,39,17,5,2.0,2.0,0.6,0.0,0,0.4,1.0,1.4,0.0
1035466,55,33,2023,1,33,20,5,1.2,2.2,0.0,0.0,0,0.0,1.6,1.4,0.3333
1035468,40,51,2023,1,51,13,6,2.6,0.8,0.8,0.2,0,0.6667,1.6,1.2,0.0
1035469,50,42,2023,1,42,15,6,1.4,0.6,0.6,0.4,0,0.6,4.6,0.4,0.6667
1035481,34,45,2023,1,45,18,1,2.4,2.4,0.4,0.2,1,0.5333,0.8,1.8,0.6667
1035478,65,36,2023,1,36,18,1,0.8,1.6,0.0,0.0,0,0.0,2.4,1.2,0.0
1035474,35,52,2023,1,52,18,1,2.0,1.4,0.6,0.2,2,0.7333,1.4,1.2,0.3333
1035477,44,39,2023,1,39,18,1,1.2,2.0,0.2,0.0,0,0.2667,1.0,1.4,0.0
1035479,48,47,2023,1,47,19,1,2.6,2.0,0.4,0.0,0,0.2,2.0,1.4,0.3333
1035475,42,1359,2023,1,1359,18,2,3.4,0.4,0.8,0.6,0,0.6667,1.6,2.2,1.0
1035476,55,51,2023,1,51,18,2,1.4,2.2,0.0,0.0,0,0.0,1.6,1.2,0.3333
1035483,50,66,2023,1,66,19,2,1.2,0.4,0.6,0.6,0,0.4,2.0,1.8,0.3333
1035482,40,62,2023,1,62,18,3,2.4,0.8,0.8,0.2,1,0.7333,1.0,3.4,1.0
1035480,49,33,2023,1,33,19,3,2.2,1.6,0.4,0.0,0,0.3333,1.4,1.4,0.0
1035486,52,50,2023,1,50,11,5,1.2,1.2,0.2,0.2,0,0.0667,1.8,0.6,0.0
1035489,1359,35,2023,1,35,14,5,1.2,2.0,0.0,0.0,0,0.0,2.2,1.2,0.0
1035488,36,34,2023,1,34,14,5,2.2,1.6,0.4,0.4,0,0.2667,2.2,2.2,0.0
1035484,66,55,2023,1,55,14,5,1.4,2.2,0.4,0.2,0,0.3333,1.0,1.4,0.6667
1035487,45,44,2023,1,44,14,5,0.8,1.8,0.0,0.0,0,0.0,1.4,1.6,1.0
1035493,39,48,2023,1,48,14,5,0.8,1.4,0.4,0.2,0,0.2667,2.0,1.8,0.3333
1035485,51,42,2023,1,42,16,5,0.6,1.2,0.2,0.4,0,0.2,2.8,0.4,0.3333
1035490,33,40,2023,1,40,14,6,1.6,2.0,0.2,0.2,0,0.2,2.2,0.8,0.3333
1035491,62,49,2023,1,49,16,6,1.2,3.0,0.0,0.0,0,0.0,2.4,2.0,0.0
1035492,47,65,2023,1,65,17,6,2.0,1.2,0.6,0.2,0,0.4667,1.0,1.0,1.0
1035501,34,47,2023,1,47,11,5,2.2,1.4,0.6,0.4,1,0.6,2.0,1.2,0.6667
1035497,44,51,2023,1,51,14,5,1.4,1.4,0.2,0.0,0,0.1333,0.4,1.6,0.0
1035502,65,39,2023,1,39,14,5,1.2,1.4,0.2,0.0,0,0.2667,0.8,1.8,0.0
1035500,50,1359,2023,1,1359,14,5,2.4,1.0,0.6,0.2,2,0.6667,1.4,2.0,1.0
1035496,55,62,2023,1,62,14,5,1.2,1.6,0.0,0.2,0,0.0,1.6,3.2,0.0
1035494,35,33,2023,1,33,16,5,2.0,1.6,0.6,0.2,0,0.6,1.8,2.0,0.3333
1035503,48,36,2023,1,36,13,6,1.8,1.8,0.2,0.0,1,0.3333,1.6,1.8,0.6667
1035499,40,52,2023,1,52,13,6,1.8,1.0,0.6,0.2,0,0.5333,1.0,2.0,0.3333
1035495,42,66,2023,1,66,15,6,2.6,0.2,0.8,0.8,2,0.8,1.4,2.4,0.6667
1035498,49,45,2023,1,45,19,0,2.6,2.2,0.4,0.0,0,0.4,0.8,1.6,0.3333
1035509,1359,55,2023,1,55,14,5,1.0,2.2,0.2,0.0,0,0.2667,1.4,1.2,0.0
1035511,62,44,2023,1,44,14,5,1.6,2.4,0.0,0.0,0,0.0,1.2,1.2,0.0
1035513,39,42,2023,1,42,18,5,1.2,1.6,0.2,0.0,0,0.0667,1.4,0.6,0.0
1035507,45,65,2023,1,65,12,6,0.6,2.2,0.2,0.2,0,0.2667,1.6,1.6,0.3333
1035504,66,35,2023,1,35,14,6,1.8,1.6,0.4,0.4,1,0.4667,2.0,1.6,0.3333
1035506,52,48,2023,1,48,14,6,1.0,1.4,0.2,0.2,1,0.3333,1.4,1.8,0.6667
1035508,36,40,2023,1,40,15,6,1.8,1.4,0.4,0.4,1,0.4,1.6,1.2,0.0
1035454,42,49,2023,1,49,19,1,1.4,0.4,0.6,0.8,1,0.6667,3.4,1.8,0.6667
1035463,39,35,2023,1,35,18,2,0.8,1.8,0.0,0.0,0,0.0,1.4,1.6,0.3333
1035457,52,34,2023,1,34,19,2,1.8,1.6,0.4,0.2,2,0.6,2.4,1.4,0.0
1035461,33,62,2023,1,62,19,2,2.0,1.8,0.2,0.2,0,0.0667,1.4,2.8,1.0
1035458,45,40,2023,1,40,19,2,1.0,1.8,0.4,0.4,1,0.5333,2.0,1.2,0.0
1035455,51,50,2023,1,50,19,3,0.6,1.2,0.2,0.4,0,0.0667,2.8,1.0,0.0
1035522,48,40,2023,1,40,11,5,1.6,2.6,0.2,0.0,0,0.2,1.6,1.4,0.0
1035517,36,52,2023,1,52,14,5,1.4,2.0,0.2,0.2,0,0.2667,2.0,1.4,0.3333
1035523,39,1359,2023,1,1359,14,5,0.8,1.6,0.0,0.0,0,0.0,1.0,3.0,0.0
1035519,34,62,2023,1,62,14,5,2.0,1.2,0.6,0.4,0,0.5333,1.2,3.0,1.0
1035518,33,44,2023,1,44,14,5,2.4,2.2,0.2,0.0,1,0.3333,1.6,1.2,1.0
1035516,45,55,2023,1,55,16,5,1.2,1.4,0.6,0.6,2,0.7333,2.2,1.0,0.6667
1035515,66,49,2023,1,49,19,5,2.2,1.6,0.6,0.4,2,0.6667,2.8,2.4,0.6667
1035514,35,51,2023,1,51,13,6,1.2,1.4,0.4,0.4,1,0.4,0.4,2.0,0.0
1035521,47,42,2023,1,42,13,6,1.2,2.0,0.4,0.0,0,0.4,2.4,0.4,0.0
1035520,65,50,2023,1,50,15,6,1.4,1.8,0.2,0.0,0,0.1333,3.4,0.8,0.0
1035428,49,47,2023,1,47,18,3,2.8,2.4,0.4,0.2,0,0.2667,1.6,2.0,0.3333
1035531,1359,45,2023,1,45,19,4,1.0,3.0,0.2,0.0,0,0.1333,1.2,1.2,1.0
1035524,42,35,2023,1,35,11,5,2.6,0.8,0.8,0.6,3,0.8667,1.6,1.4,1.0
1035533,62,65,2023,1,65,14,5,1.2,3.4,0.0,0.0,0,0.0,1.2,2.0,0.0
1035527,44,34,2023,1,34,14,5,1.4,1.0,0.2,0.0,0,0.2667,2.2,0.8,0.0
1035525,55,36,2023,1,36,14,5,2.0,1.0,0.4,0.4,0,0.4667,1.0,1.6,0.6667
1035532,50,39,2023,1,39,16,5,3.8,0.8,1.0,0.4,5,1.0,1.0,1.6,0.6667
1035526,51,66,2023,1,66,13,6,0.2,2.2,0.0,0.2,0,0.0,2.2,2.0,0.0
1035528,49,48,2023,1,48,13,6,2.4,1.8,0.4,0.4,1,0.4667,1.4,2.2,0.3333
1035530,40,47,2023,1,47,15,6,1.4,1.6,0.2,0.0,0,0.2,1.2,2.2,0.6667
1035529,52,33,2023,1,33,19,0,2.2,1.4,0.6,0.4,0,0.6,2.4,2.2,0.3333
1035537,36,50,2023,1,50,11,5,0.8,1.0,0.2,0.4,0,0.1333,4.0,0.8,0.0
1035542,48,1359,2023,1,1359,14,5,1.2,3.0,0.2,0.0,0,0.0667,1.2,2.8,1.0
1035534,35,55,2023,1,55,14,5,1.4,1.6,0.4,0.4,0,0.4667,2.0,1.0,0.0
1035539,34,51,2023,1,51,14,5,2.8,0.8,0.8,0.4,2,0.8,0.4,2.2,0.3333
1035536,45,62,2023,1,62,14,5,1.2,1.4,0.6,0.6,0,0.6,1.0,3.6,0.0
1035543,39,52,2023,1,52,14,5,1.0,2.2,0.2,0.0,0,0.2667,2.6,0.6,0.3333
1035541,47,44,2023,1,44,14,5,1.4,2.8,0.2,0.0,0,0.0667,1.4,1.6,1.0
1035540,65,49,2023,1,49,16,5,1.2,2.0,0.2,0.0,1,0.3333,3.0,1.4,0.3333
1035538,33,42,2023,1,42,15,6,1.8,2.2,0.2,0.0,0,0.2,2.6,0.8,0.3333
1035535,66,40,2023,1,40,19,0,2.0,1.4,0.4,0.2,0,0.3333,1.8,1.6,0.0
1035512,47,50,2023,1,50,19,1,1.2,2.8,0.2,0.0,1,0.3333,4.0,0.4,0.3333
1035505,51,49,2023,1,49,18,2,0.6,1.8,0.2,0.2,0,0.2667,2.4,1.8,0.6667
1035510,33,34,2023,1,34,19,2,1.4,2.0,0.2,0.0,0,0.1333,2.8,1.0,0.0
1035546,51,33,2023,1,33,15,6,0.6,2.0,0.2,0.2,0,0.2,1.6,2.0,1.0
1035552,50,48,2023,1,48,15,6,3.4,0.2,1.0,0.8,8,1.0,1.4,3.0,1.0
1035549,52,66,2023,1,66,15,6,3.0,0.8,0.8,0.4,2,0.8,2.0,1.4,0.3333
1035553,62,47,2023,1,47,15,6,1.0,3.4,0.0,0.0,0,0.0,1.2,2.4,0.0
1035551,1359,36,2023,1,36,15,6,1.0,3.2,0.0,0.0,0,0.0,0.8,1.6,0.0
1035545,55,34,2023,1,34,15,6,1.8,0.6,0.6,0.4,1,0.5333,2.4,1.6,0.0
1035547,44,65,2023,1,65,15,6,1.6,1.8,0.2,0.0,0,0.1333,1.4,2.0,0.0
1035544,42,45,2023,1,45,15,6,2.8,0.4,1.0,0.8,5,1.0,1.4,0.2,0.6667
1035550,40,39,2023,1,39,15,6,2.4,2.0,0.4,0.0,0,0.3333,0.8,2.4,0.6667
1035548,49,35,2023,1,35,15,6,2.8,1.0,0.8,0.4,4,0.9333,1.2,1.6,0.6667
1208021,33,36,2024,1,36,19,4,1.2,1.6,0.4,0.2,2,0.6,1.2,2.0,0.75
1208022,57,40,2024,1,40,11,5,1.5025436557231588,1.52839405501331,0.3768854480922804,0.23459032830523516,0,0.0,2.2,1.8,0.5
1208023,42,39,2024,1,39,14,5,2.8,0.6,1.0,0.6,6,1.0,0.8,2.4,1.0
1208025,34,41,2024,1,41,14,5,3.2,1.6,0.6,0.0,1,0.5333,1.8,3.2,1.0
1208024,45,51,2024,1,51,14,5,1.2,0.6,0.6,0.6,0,0.4667,0.6,1.6,0.25
1208026,65,35,2024,1,35,14,5,1.4,1.8,0.4,0.0,1,0.5333,1.2,1.4,0.0
1208027,48,66,2024,1,66,16,5,1.6,3.2,0.2,0.0,0,0.2667,1.6,2.4,0.25
1208028,55,52,2024,1,52,13,6,1.8,1.4,0.4,0.2,0,0.3333,3.0,0.4,0.0
1208029,49,50,2024,1,50,15,6,2.8,0.8,1.0,0.4,5,1.0,3.2,0.4,0.0
1208030,46,47,2024,1,47,19,0,1.4,2.2,0.2,0.2,1,0.3333,1.4,1.8,0.5
1208033,51,33,2024,1,33,11,5,1.2,1.0,0.4,0.4,1,0.4,1.2,1.4,0.75
1208035,36,46,2024,1,46,14,5,1.0,1.6,0.2,0.2,0,0.2667,1.2,2.0,1.0
1208038,41,65,2024,1,65,14,5,1.6,2.8,0.0,0.0,0,0.0,1.6,1.6,0.0
1208034,52,48,2024,1,48,14,5,2.8,0.8,0.6,0.4,0,0.6,1.4,2.6,0.75
1208037,50,57,2024,1,57,14,5,3.2,0.4,1.0,0.6,10,1.0,0.0,2.0,0.5
1208039,47,45,2024,1,45,14,5,1.6,1.6,0.4,0.2,0,0.4,0.8,1.2,0.5
1208032,66,42,2024,1,42,16,5,1.4,2.4,0.2,0.0,1,0.3333,2.2,0.6,0.5
1208040,39,49,2024,1,49,13,6,0.8,2.6,0.2,0.0,0,0.0667,2.4,1.2,0.75
1208031,35,34,2024,1,34,13,6,1.2,1.6,0.2,0.2,0,0.0667,2.4,1.4,0.25
1208036,40,55,2024,1,55,15,6,2.6,1.4,0.6,0.4,2,0.7333,1.2,1.4,0.75
1208041,42,51,2024,1,51,11,5,2.0,0.2,1.0,0.8,8,1.0,1.4,1.2,0.75
1208044,45,35,2024,1,35,14,5,0.6,2.0,0.2,0.2,0,0.1333,0.8,1.8,0.5
1208049,65,39,2024,1,39,14,5,1.8,1.2,0.6,0.2,1,0.6,0.8,3.6,0.0
1208045,57,36,2024,1,36,14,5,0.5,3.0,0.0,0.0,0,0.0,1.2,1.6,0.5
1208046,46,66,2024,1,66,14,5,0.8,1.4,0.2,0.2,0,0.2,1.0,2.4,0.5
1208042,55,41,2024,1,41,14,5,1.2,1.6,0.4,0.2,0,0.4,1.0,2.2,1.0
1208050,48,50,2024,1,50,16,5,1.4,2.2,0.4,0.2,1,0.4667,3.0,0.4,0.0
1208043,49,52,2024,1,52,12,6,2.6,1.6,0.8,0.0,1,0.7333,2.6,1.0,1.0
1208048,34,47,2024,1,47,12,6,1.8,1.4,0.4,0.2,0,0.4667,2.0,0.8,0.75
1208047,33,40,2024,1,40,15,6,1.4,1.0,0.6,0.4,0,0.6,2.6,1.0,0.25
1208058,41,33,2024,1,33,11,5,1.2,2.4,0.0,0.0,0,0.0,1.4,1.4,0.0
1208056,40,65,2024,1,65,14,5,2.4,0.6,0.8,0.8,4,0.9333,1.4,1.2,0.75
1208054,52,46,2024,1,46,14,5,2.0,1.2,0.4,0.2,0,0.2,1.0,1.2,0.5
1208057,50,55,2024,1,55,14,5,2.8,0.6,1.0,0.4,12,1.0,1.8,1.8,0.5
1208055,36,48,2024,1,48,14,5,1.4,1.8,0.4,0.0,0,0.4,1.6,1.8,0.5
1208053,51,57,2024,1,57,14,5,1.4,1.2,0.4,0.2,0,0.4667,0.6667,2.3333,0.5
1208052,66,45,2024,1,45,16,5,1.4,2.4,0.4,0.0,1,0.5333,0.8,2.4,0.75
1208051,35,49,2024,1,49,19,5,1.4,1.6,0.2,0.0,1,0.3333,2.2,1.4,0.0
1208059,47,42,2024,1,42,13,6,1.8,1.0,0.4,0.4,0,0.4,1.6,0.4,0.0
1208060,39,34,2024,1,34,15,6,0.8,2.8,0.0,0.0,0,0.0,2.0,1.4,0.0
1208070,48,49,2024,1,49,11,5,1.2,1.8,0.2,0.2,0,0.2,2.0,1.2,0.25
1208069,47,55,2024,1,55,14,5,1.8,0.8,0.4,0.4,0,0.2667,1.6,2.0,0.25
1208061,66,39,2024,1,39,14,5,1.4,2.2,0.6,0.0,2,0.7333,0.8,2.6,0.25
1208065,46,45,2024,1,45,14,5,1.4,1.6,0.2,0.0,0,0.0667,1.0,3.0,0.5
1208068,41,57,2024,1,57,14,5,1.0,2.4,0.0,0.0,0,0.0,0.5,1.75,0.5
1208066,40,35,2024,1,35,14,5,1.8,0.2,0.8,0.8,0,0.6667,1.2,1.4,0.75
1208064,36,34,2024,1,34,14,5,1.6,1.2,0.4,0.0,0,0.2667,2.0,1.0,0.0
1208063,52,33,2024,1,33,16,5,1.8,1.4,0.2,0.2,0,0.0667,1.4,1.0,0.5
1208062,51,65,2024,1,65,13,6,1.2,0.8,0.4,0.4,0,0.3333,1.2,0.6,0.5
1208067,50,42,2024,1,42,15,6,2.8,0.8,1.0,0.2,13,1.0,1.6,0.4,0.5
1208078,34,50,2024,1,50,11,5,1.4,1.2,0.6,0.2,0,0.5333,2.6,1.0,0.0
1208072,42,46,2024,1,46,14,5,1.6,0.6,0.6,0.6,0,0.4667,1.2,1.6,1.0
1208075,45,52,2024,1,52,14,5,1.0,2.8,0.0,0.0,0,0.0,0.8,1.4,0.5
1208074,49,51,2024,1,51,14,5,2.2,1.0,0.6,0.4,2,0.7333,1.6,0.8,0.5
1208073,55,48,2024,1,48,14,5,1.4,1.8,0.4,0.0,0,0.2667,1.0,1.8,0.75
1208079,65,36,2024,1,36,14,5,1.2,0.8,0.4,0.4,0,0.4,1.4,1.0,0.25
1208080,39,40,2024,1,40,16,5,1.0,2.8,0.0,0.0,0,0.0,2.0,0.2,0.25
1208076,57,66,2024,1,66,13,6,0.6,1.6,0.0,0.2,0,0.0,2.0,1.4,0.5
1208077,33,47,2024,1,47,15,6,1.0,1.0,0.4,0.6,0,0.3333,1.8,1.0,0.25
1208071,35,41,2024,1,41,19,0,1.0,1.6,0.2,0.0,0,0.2,0.4,1.8,0.5
1208086,52,40,2024,1,40,11,5,0.8,1.4,0.0,0.2,0,0.0,2.0,0.4,0.25
1208081,42,41,2024,1,41,14,5,2.0,1.0,0.6,0.4,1,0.6,0.6,2.2,0.0
1208090,48,57,2024,1,57,14,5,1.0,1.6,0.2,0.2,0,0.0667,1.0,1.6,0.5
1208088,46,35,2024,1,35,14,5,1.4,2.2,0.0,0.0,0,0.0,1.4,1.6,0.0
1208083,55,39,2024,1,39,14,5,1.2,1.8,0.2,0.0,0,0.1333,1.2,2.8,0.25
1208089,50,36,2024,1,36,14,5,2.4,1.2,0.6,0.0,0,0.4,1.6,0.8,1.0
1208087,45,34,2024,1,34,16,5,1.4,2.4,0.2,0.0,1,0.3333,1.4,1.4,0.25
1208085,49,65,2024,1,65,13,6,3.0,1.0,0.8,0.4,3,0.8667,1.0,0.8,0.25
1208082,66,33,2024,1,33,13,6,2.0,1.6,0.6,0.0,0,0.6,0.8,1.6,0.25
1208084,51,47,2024,1,47,15,6,1.4,1.6,0.2,0.2,0,0.0667,2.2,0.8,0.25
1208099,47,48,2024,1,48,11,5,1.8,1.4,0.4,0.2,0,0.4667,1.4,1.8,0.25
1208096,34,51,2024,1,51,14,5,1.2,1.2,0.4,0.2,0,0.2,1.6,1.8,0.25
1208093,57,45,2024,1,45,14,5,1.0,1.6,0.0,0.2,0,0.0,1.4,1.6,0.5
1208092,36,66,2024,1,66,14,5,1.6,1.2,0.4,0.2,0,0.4667,2.0,1.2,0.25
1208095,33,55,2024,1,55,14,5,0.6,1.2,0.2,0.6,0,0.1333,2.2,2.0,0.5
1208098,41,46,2024,1,46,14,5,0.8,2.6,0.0,0.0,0,0.0,1.4,1.8,1.0
1208091,35,42,2024,1,42,16,5,1.2,1.6,0.4,0.0,0,0.3333,2.2,1.2,0.0
1208100,39,50,2024,1,50,13,6,1.4,2.6,0.0,0.0,0,0.0,2.2,1.4,0.25
1208094,40,49,2024,1,49,15,6,1.8,0.4,0.8,0.6,3,0.8667,2.0,0.8,0.25
1208097,65,52,2024,1,52,19,0,1.0,1.0,0.2,0.2,0,0.1333,0.8,1.2,0.25
1208110,46,65,2024,1,65,19,4,1.8,1.8,0.4,0.2,2,0.6,1.0,0.8,0.5
1208106,51,39,2024,1,39,14,5,1.6,1.6,0.4,0.4,2,0.6,1.4,2.8,0.75
1208105,55,57,2024,1,57,14,5,1.8,2.2,0.2,0.0,0,0.2667,0.8,1.8,0.5
1208111,50,41,2024,1,41,14,5,2.0,1.4,0.6,0.0,2,0.6667,1.0,2.6,1.0
1208104,66,35,2024,1,35,14,5,2.2,1.2,0.6,0.2,1,0.5333,1.0,1.2,0.5
1208109,45,36,2024,1,36,16,5,1.4,1.0,0.4,0.4,1,0.5333,1.6,1.6,0.0
1208107,49,34,2024,1,34,13,6,2.0,1.0,0.6,0.4,0,0.4,0.8,1.2,0.25
1208108,52,47,2024,1,47,13,6,0.6,1.2,0.0,0.2,0,0.0,2.4,1.2,0.0
1208112,48,33,2024,1,33,13,6,1.4,2.0,0.2,0.0,0,0.2667,1.0,0.8,0.5
1208103,42,40,2024,1,40,15,6,2.0,1.4,0.6,0.2,0,0.5333,1.6,0.6,0.5
1208118,34,42,2024,1,42,12,5,0.6,1.4,0.0,0.2,0,0.0,2.2,1.8,0.25
1208119,65,48,2024,1,48,15,5,1.4,1.0,0.4,0.2,2,0.6,1.6,2.0,0.5
1208113,35,50,2024,1,50,15,5,1.2,1.2,0.4,0.2,0,0.4,1.8,1.2,0.0
1208116,40,51,2024,1,51,15,5,2.0,0.8,0.8,0.4,0,0.6667,2.0,2.0,0.25
1208120,41,45,2024,1,45,15,5,1.0,2.2,0.0,0.0,0,0.0,1.2,0.6,0.5
1208115,57,46,2024,1,46,15,5,1.4,2.6,0.0,0.0,0,0.0,1.6,2.0,0.5
1208122,39,52,2024,1,52,17,5,1.6,2.8,0.0,0.0,0,0.0,0.4,0.8,0.25
1208121,47,66,2024,1,66,14,6,2.4,1.2,0.6,0.2,0,0.4667,1.8,1.0,0.25
1208117,33,49,2024,1,49,16,6,0.6,1.2,0.2,0.4,0,0.2667,2.2,1.2,0.5
1208114,36,55,2024,1,55,20,0,1.6,1.6,0.4,0.2,0,0.2,2.4,2.4,0.25
1208131,48,45,2024,1,45,15,5,1.6,2.0,0.4,0.0,0,0.4,1.0,0.6,0.5
1208123,55,35,2024,1,35,15,5,2.4,2.2,0.4,0.0,0,0.4,1.6,0.8,0.5
1208126,52,36,2024,1,36,15,5,0.8,1.2,0.2,0.2,0,0.2667,1.4,1.6,0.0
1208132,39,41,2024,1,41,15,5,1.8,2.6,0.0,0.0,0,0.0,1.0,2.0,1.0
1208124,51,50,2024,1,50,17,5,1.8,2.0,0.4,0.2,0,0.3333,1.6,1.2,0.0
1208127,40,66,2024,1,66,20,5,1.8,1.0,0.8,0.2,1,0.7333,1.4,1.6,0.5
1208130,47,57,2024,1,57,14,6,2.6,1.2,0.6,0.2,1,0.6,1.4,2.6,0.5
1208128,33,46,2024,1,46,14,6,0.8,1.4,0.2,0.2,0,0.2,1.6,2.0,1.0
1208129,65,34,2024,1,34,14,6,1.6,0.6,0.6,0.4,3,0.8,0.6,0.8,0.25
1208125,49,42,2024,1,42,16,6,1.8,1.4,0.4,0.0,0,0.3333,1.8,1.6,0.0
1208139,46,49,2024,1,49,12,5,1.2,1.8,0.4,0.2,0,0.2,1.2,1.2,0.0
1208137,36,39,2024,1,39,15,5,1.6,1.6,0.4,0.2,2,0.6,2.0,2.2,0.25
1208136,45,55,2024,1,55,15,5,0.6,0.4,0.2,0.6,0,0.1333,2.8,2.4,0.75
1208134,42,65,2024,1,65,15,5,1.2,1.4,0.2,0.0,0,0.0667,1.8,1.0,0.75
1208135,66,52,2024,1,52,15,5,1.0,1.6,0.2,0.2,0,0.1333,0.6,1.2,0.5
1208133,35,51,2024,1,51,15,5,1.4,1.2,0.4,0.2,0,0.4,1.8,1.4,0.25
1208140,50,47,2024,1,47,17,5,1.6,1.4,0.6,0.2,0,0.4,2.2,1.6,0.5
1208142,41,40,2024,1,40,14,6,0.8,1.8,0.2,0.2,0,0.2667,1.8,0.8,0.0
1208138,57,33,2024,1,33,16,6,1.4,2.4,0.2,0.0,1,0.3333,1.4,0.8,0.5
1208141,34,48,2024,1,48,20,0,1.0,0.8,0.4,0.4,2,0.6,1.4,1.8,0.5
1208144,51,41,2024,1,41,20,4,1.6,1.2,0.6,0.2,2,0.6667,1.0,1.8,1.0
1208152,39,35,2024,1,35,15,5,2.2,1.4,0.4,0.2,2,0.6,1.6,1.4,0.25
1208149,65,57,2024,1,57,15,5,1.6,1.4,0.6,0.4,0,0.4,1.4,1.8,0.5
1208143,55,46,2024,1,46,15,5,1.8,1.8,0.4,0.2,0,0.4,1.2,2.2,0.0
1208146,52,34,2024,1,34,15,5,1.0,1.4,0.2,0.2,0,0.1333,1.0,1.2,0.25
1208151,48,42,2024,1,42,17,5,1.0,1.6,0.4,0.4,1,0.4667,1.2,1.2,0.25
1208148,33,45,2024,1,45,13,6,1.6,1.0,0.4,0.2,0,0.3333,0.6,0.4,1.0
1208150,47,36,2024,1,36,13,6,2.6,1.0,0.6,0.2,1,0.6,1.4,1.8,0.75
1208145,49,66,2024,1,66,13,6,1.4,1.2,0.4,0.0,1,0.4667,1.4,2.0,0.25
1208147,40,50,2024,1,50,16,6,2.2,1.2,0.8,0.2,3,0.8667,1.0,1.8,0.25
1208158,57,52,2024,1,52,19,1,1.4,1.6,0.2,0.0,0,0.2,1.2,1.4,0.5
1208159,46,48,2024,1,48,20,1,0.8,2.6,0.0,0.0,0,0.0,1.2,1.8,1.0
1208160,50,65,2024,1,65,19,2,0.6,2.0,0.2,0.2,0,0.0667,1.6,1.4,0.75
1208162,41,49,2024,1,49,19,2,0.8,1.4,0.2,0.2,0,0.1333,1.8,0.8,1.0
1208161,34,40,2024,1,40,19,2,1.2,1.2,0.4,0.2,0,0.3333,2.2,1.0,0.0
1208156,45,39,2024,1,39,19,2,0.2,1.2,0.0,0.4,0,0.0,2.4,1.8,0.0
1208155,66,55,2024,1,55,20,2,0.8,2.4,0.0,0.0,0,0.0,2.4,1.6,0.5
1208154,42,33,2024,1,33,20,2,2.2,1.2,0.4,0.2,2,0.6,2.0,0.8,0.75
1208157,36,51,2024,1,51,19,3,1.4,1.4,0.4,0.2,0,0.3333,1.6,1.4,0.75
1208153,35,47,2024,1,47,20,3,2.0,1.8,0.4,0.0,1,0.4667,2.0,1.0,0.25
1208163,66,41,2024,1,41,15,5,1.2,2.4,0.2,0.0,1,0.3333,1.0,2.2,1.0
1208165,52,50,2024,1,50,15,5,1.2,1.4,0.2,0.2,1,0.3333,1.0,2.0,0.0
1208164,55,34,2024,1,34,15,5,1.8,1.6,0.4,0.2,0,0.4,1.6,1.4,0.0
1208170,33,65,2024,1,65,17,5,1.8,0.8,0.4,0.4,0,0.4,1.0,1.8,0.75
1208168,57,35,2024,1,35,14,6,0.8,1.0,0.2,0.0,0,0.1333,2.0,1.6,0.5
1208167,36,42,2024,1,42,14,6,1.8,1.4,0.6,0.2,1,0.5333,2.2,0.8,0.25
1208169,46,51,2024,1,51,14,6,1.2,2.2,0.2,0.0,1,0.3333,1.4,1.6,0.0
1208171,47,49,2024,1,49,16,6,2.0,1.0,0.4,0.2,0,0.2667,2.4,0.8,0.25
1208172,48,39,2024,1,39,20,0,1.0,2.2,0.2,0.4,0,0.2,2.0,2.2,0.75
1208179,34,46,2024,1,46,15,5,1.8,2.2,0.2,0.0,0,0.0667,1.4,2.4,0.5
1208182,39,57,2024,1,57,15,5,1.8,2.2,0.4,0.2,0,0.2,0.8,1.2,0.5
1208174,42,45,2024,1,45,15,5,2.4,0.8,0.6,0.4,0,0.6,0.8,1.0,0.75
1208177,40,36,2024,1,36,15,5,2.4,1.2,0.8,0.4,0,0.6667,1.6,1.4,0.75
1208180,65,66,2024,1,66,17,5,1.0,2.2,0.4,0.2,1,0.5333,1.2,1.6,0.25
1208175,51,52,2024,1,52,14,6,1.6,1.6,0.4,0.0,0,0.2,1.2,1.4,0.5
1208178,50,33,2024,1,33,16,6,1.2,2.0,0.2,0.2,0,0.2667,2.0,1.2,0.75
1208176,49,55,2024,1,55,19,6,3.0,1.2,0.8,0.2,4,0.9333,2.4,1.6,0.0
1208181,41,47,2024,1,47,19,6,0.8,2.4,0.0,0.0,0,0.0,1.8,1.6,0.0
1208173,35,48,2024,1,48,20,0,2.0,1.6,0.6,0.2,3,0.8,1.4,1.8,0.0
1208183,66,50,2024,1,50,12,5,1.4,1.6,0.4,0.2,0,0.4667,1.2,2.0,0.25
1208184,55,65,2024,1,65,15,5,2.0,1.6,0.4,0.2,0,0.4,1.2,1.8,0.5
1208192,48,51,2024,1,51,15,5,1.6,2.0,0.4,0.2,0,0.3333,1.4,2.0,0.25
1208188,57,34,2024,1,34,15,5,0.8,1.2,0.2,0.0,1,0.3333,2.0,2.0,0.5
1208185,52,42,2024,1,42,17,5,1.8,1.2,0.4,0.2,1,0.5333,2.2,0.6,0.0
1208189,46,39,2024,1,39,14,6,1.4,2.6,0.2,0.0,0,0.2,1.6,2.6,1.0
1208190,33,35,2024,1,35,14,6,1.8,1.4,0.4,0.2,1,0.4667,1.8,1.2,0.5
1208186,45,49,2024,1,49,14,6,0.8,0.8,0.2,0.8,0,0.2667,3.2,1.2,0.25
1208187,36,41,2024,1,41,14,6,1.6,1.8,0.2,0.0,0,0.2,0.8,3.0,1.0
1208191,47,40,2024,1,40,16,6,2.6,1.2,0.4,0.4,1,0.4,2.4,1.4,0.25
1208198,50,45,2024,1,45,12,3,1.4,1.6,0.2,0.2,0,0.1333,0.8,0.8,0.75
1208199,34,66,2024,1,66,15,3,2.8,1.6,0.4,0.4,2,0.6,1.4,1.4,0.75
1208200,65,47,2024,1,47,15,3,1.6,1.2,0.8,0.4,3,0.8667,2.4,2.4,0.0
1208201,41,48,2024,1,48,15,3,0.4,2.4,0.0,0.2,0,0.0,1.4,2.2,0.0
1208193,35,52,2024,1,52,15,3,2.2,0.8,0.8,0.4,1,0.7333,1.6,1.8,0.5
1208196,49,36,2024,1,36,15,3,2.8,1.0,0.8,0.4,0,0.6667,1.4,1.0,0.5
1208202,39,33,2024,1,33,17,3,1.4,2.4,0.2,0.2,1,0.3333,1.6,1.8,0.0
1208197,40,46,2024,1,46,20,3,3.2,2.0,0.6,0.2,1,0.5333,1.2,2.8,1.0
1208195,51,55,2024,1,55,19,4,1.2,2.0,0.0,0.0,0,0.0,2.0,2.0,0.25
1208194,42,57,2024,1,57,20,4,2.6,0.8,0.6,0.4,1,0.5333,0.6,1.8,0.5
1208209,46,50,2024,1,50,14,6,1.2,2.6,0.2,0.0,0,0.0667,1.6,1.4,0.0
1208206,45,65,2024,1,65,15,6,1.0,1.0,0.2,0.6,0,0.1333,1.6,1.2,0.5
1208205,52,41,2024,1,41,15,6,1.4,1.6,0.4,0.4,0,0.2667,0.2,2.4,1.0
1208211,47,39,2024,1,39,15,6,2.2,2.4,0.2,0.2,0,0.2,1.4,1.6,0.25
1208207,36,35,2024,1,35,15,6,1.6,1.0,0.4,0.2,1,0.4,1.4,0.4,0.25
1208212,48,40,2024,1,40,17,6,1.2,1.2,0.4,0.2,1,0.4667,3.2,1.8,0.0
1208208,57,49,2024,1,49,19,0,0.6,1.8,0.2,0.0,0,0.2,2.4,1.4,0.5
1208203,66,51,2024,1,51,19,0,1.4,1.4,0.6,0.2,0,0.4667,1.0,1.8,0.75
1208210,33,34,2024,1,34,20,0,0.8,2.2,0.2,0.0,0,0.2,3.2,1.4,0.25
1208204,55,42,2024,1,42,17,2,1.2,1.8,0.2,0.2,0,0.1333,1.8,0.4,0.0
1208221,47,34,2024,1,34,12,5,2.6,2.6,0.2,0.2,0,0.1333,3.0,0.8,0.2
1208220,41,55,2024,1,55,15,5,0.2,1.8,0.0,0.2,0,0.0,1.2,1.8,0.0
1208214,66,46,2024,1,46,15,5,1.2,1.6,0.4,0.2,0,0.2667,0.6,2.8,0.6667
1208219,50,48,2024,1,48,15,5,1.4,1.4,0.2,0.2,1,0.3333,1.0,1.6,1.0
1208213,35,45,2024,1,45,15,5,1.6,0.8,0.4,0.4,0,0.2667,1.0,0.6,0.6
1208216,52,49,2024,1,49,15,5,1.6,1.8,0.4,0.2,1,0.4667,1.4,1.6,0.0
1208215,51,42,2024,1,42,17,5,1.2,1.6,0.0,0.2,0,0.0,2.0,0.6,0.2
1208217,36,57,2024,1,57,14,6,1.4,1.2,0.2,0.2,0,0.2667,1.0,1.6,0.0
1208218,40,33,2024,1,33,16,6,3.8,1.8,0.6,0.2,3,0.8,0.8,2.2,0.4
1208222,39,65,2024,1,65,20,0,1.8,1.2,0.4,0.4,0,0.4667,2.0,0.6,0.2
1208230,49,35,2024,1,35,19,1,0.8,1.2,0.2,0.2,0,0.0667,1.4,0.6,0.8
1208229,48,36,2024,1,36,19,1,0.8,2.2,0.2,0.2,0,0.2,1.6,1.4,0.4
1208224,55,50,2024,1,50,19,1,1.4,1.4,0.2,0.4,1,0.3333,1.8,1.2,0.4
1208228,65,40,2024,1,40,20,1,2.0,0.2,1.0,0.8,6,1.0,3.6,1.6,0.4
1208231,34,39,2024,1,39,19,2,3.0,0.2,1.0,0.8,5,1.0,1.6,1.4,0.6
1208225,45,66,2024,1,66,19,2,0.2,0.8,0.0,0.4,0,0.0,1.4,1.8,0.0
1208227,46,52,2024,1,52,19,2,0.4,2.8,0.0,0.0,0,0.0,1.4,1.6,0.0
1208223,42,47,2024,1,47,20,2,2.0,0.6,0.6,0.4,0,0.6,2.2,2.2,0.8
1208226,57,51,2024,1,51,19,3,1.2,1.6,0.4,0.2,0,0.3333,1.0,1.4,0.0
1208232,33,41,2024,1,41,20,3,0.8,2.0,0.2,0.0,0,0.0667,0.2,2.6,0.6667
1208240,34,35,2024,1,35,12,5,2.8,0.2,1.0,0.8,6,1.0,1.6,0.8,0.0
1208238,46,36,2024,1,36,15,5,0.4,2.4,0.0,0.0,0,0.0,1.6,1.6,0.0
1208234,55,40,2024,1,40,15,5,1.6,1.4,0.2,0.4,0,0.2667,3.4,1.4,0.2
1208242,48,52,2024,1,52,15,5,1.2,2.4,0.4,0.2,1,0.4667,1.2,1.4,0.2
1208233,42,66,2024,1,66,17,5,2.4,0.8,0.8,0.2,1,0.7333,1.4,1.4,0.6
1208241,65,41,2024,1,41,14,6,1.8,0.2,0.8,0.8,0,0.6667,0.4,2.2,1.0
1208239,33,51,2024,1,51,14,6,1.0,2.0,0.2,0.0,1,0.3333,1.2,0.8,0.2
1208236,45,47,2024,1,47,14,6,0.2,1.0,0.0,0.2,0,0.0,1.4,2.6,0.0
1208237,57,50,2024,1,50,16,6,0.8,1.8,0.2,0.2,0,0.2,2.0,1.2,0.0
1208235,49,39,2024,1,39,20,0,0.8,1.4,0.0,0.2,0,0.0,1.4,1.6,0.4
1208245,51,45,2024,1,45,15,5,1.6,0.8,0.4,0.4,2,0.6,0.8,1.4,0.4
1208252,39,42,2024,1,42,15,5,1.0,2.2,0.2,0.2,0,0.0667,1.8,1.0,0.0
1208250,41,34,2024,1,34,15,5,0.8,2.8,0.0,0.0,0,0.0,2.2,1.0,0.0
1208243,35,65,2024,1,65,15,5,1.8,1.0,0.4,0.4,1,0.5333,2.0,0.6,0.4
1208248,40,57,2024,1,57,15,5,2.6,0.8,0.6,0.4,1,0.5333,0.8,2.2,1.0
1208249,50,49,2024,1,49,17,5,3.0,0.8,0.6,0.4,1,0.6667,1.4,1.6,0.6
1208246,52,55,2024,1,55,14,6,1.4,0.4,0.6,0.6,2,0.7333,1.6,1.4,0.2
1208251,47,46,2024,1,46,14,6,1.2,2.0,0.0,0.0,0,0.0,0.4,2.2,0.3333
1208244,66,48,2024,1,48,16,6,1.4,1.6,0.4,0.2,0,0.4667,1.0,2.6,0.4
1208247,36,33,2024,1,33,19,6,2.0,1.6,0.4,0.2,1,0.4,1.2,2.0,0.2
1208261,65,51,2024,1,51,12,5,1.8,1.6,0.6,0.4,0,0.4667,1.6,1.0,0.2
1208258,57,41,2024,1,41,15,5,1.0,2.8,0.2,0.2,0,0.0667,1.0,3.2,0.0
1208260,34,36,2024,1,36,15,5,2.2,1.2,0.8,0.4,1,0.7333,1.6,1.6,0.8
1208257,45,46,2024,1,46,15,5,0.8,1.2,0.4,0.2,2,0.6,0.6,1.8,0.0
1208253,35,40,2024,1,40,15,5,2.8,1.0,0.6,0.4,2,0.7333,2.8,0.8,0.2
1208262,39,66,2024,1,66,17,5,0.6,2.4,0.0,0.0,0,0.0,1.6,1.2,0.2
1208255,55,47,2024,1,47,14,6,2.0,1.6,0.4,0.2,1,0.4667,1.4,2.2,0.2
1208259,33,52,2024,1,52,14,6,1.4,1.6,0.4,0.2,1,0.5333,1.6,0.8,0.2
1208254,42,50,2024,1,50,16,6,1.8,1.0,0.6,0.2,1,0.6,3.4,0.8,0.2
1208256,49,48,2024,1,48,20,0,1.4,1.8,0.2,0.0,0,0.2667,1.0,2.8,0.6
1208166,45,40,2024,1,40,19,2,1.6,0.8,0.6,0.4,3,0.8,2.2,0.8,0.25
1208264,51,49,2024,1,49,20,4,1.2,2.0,0.4,0.2,0,0.3333,1.8,1.6,0.4
1208267,46,42,2024,1,42,12,5,0.6,2.2,0.2,0.0,0,0.2667,2.2,1.0,0.0
1208272,48,55,2024,1,55,15,5,1.2,2.2,0.2,0.0,0,0.1333,1.8,1.4,0.2
1208263,66,57,2024,1,57,15,5,1.2,1.2,0.4,0.2,0,0.2,0.8,3.2,0.0
1208266,36,65,2024,1,65,15,5,1.6,1.4,0.4,0.2,1,0.5333,2.8,1.6,0.8
1208270,41,35,2024,1,35,15,5,1.2,3.0,0.2,0.0,1,0.3333,2.4,1.0,0.3333
1208269,50,34,2024,1,34,15,5,3.2,1.8,0.6,0.2,0,0.5333,2.0,1.6,0.6
1208265,52,45,2024,1,45,17,5,1.6,0.6,0.6,0.6,1,0.6667,2.0,1.0,0.0
1208268,40,39,2024,1,39,14,6,2.2,0.8,0.6,0.4,0,0.6,0.6,2.0,0.8
1208271,47,33,2024,1,33,16,6,1.4,1.8,0.2,0.2,1,0.3333,1.4,1.6,0.4
1208305,66,40,2024,1,40,19,2,1.0,1.2,0.2,0.2,0,0.0667,2.4,0.8,0.0
1208279,46,55,2024,1,55,20,4,0.4,2.2,0.2,0.0,0,0.2,1.0,1.4,0.0
1208276,45,33,2024,1,33,12,5,2.4,1.0,0.8,0.4,1,0.7333,1.0,1.4,0.0
1208273,35,39,2024,1,39,15,5,2.8,1.2,0.6,0.2,1,0.6667,0.8,1.8,0.6
1208277,36,52,2024,1,52,15,5,1.6,1.2,0.6,0.2,2,0.7333,1.6,0.8,0.4
1208282,41,51,2024,1,51,15,5,1.4,2.6,0.2,0.0,0,0.2667,1.6,1.8,0.0
1208274,42,48,2024,1,48,15,5,2.4,0.8,0.8,0.4,3,0.8667,1.0,1.6,0.6
1208278,57,47,2024,1,47,15,5,0.6,3.0,0.0,0.0,0,0.0,1.4,1.4,1.0
1208275,66,49,2024,1,49,17,5,1.2,1.6,0.0,0.0,0,0.0,1.6,2.0,0.4
1208281,34,65,2024,1,65,14,6,1.6,2.2,0.4,0.2,0,0.2667,2.4,2.0,0.8
1208280,50,40,2024,1,40,16,6,3.2,1.6,0.6,0.4,1,0.6667,2.4,1.2,0.2
1208288,39,36,2024,1,36,19,1,1.0,1.2,0.4,0.4,1,0.5333,1.2,1.0,0.4
1208284,51,35,2024,1,35,19,1,2.0,1.8,0.6,0.4,2,0.6667,2.4,1.0,0.8
1208289,52,66,2024,1,66,19,1,1.6,0.8,0.6,0.6,1,0.6,1.2,1.4,0.4
1208290,49,41,2024,1,41,20,1,1.4,2.0,0.4,0.0,0,0.2667,1.2,2.8,0.3333
1208286,47,50,2024,1,50,19,2,2.0,1.2,0.6,0.4,3,0.8,2.8,1.6,0.4
1208283,55,45,2024,1,45,19,2,1.4,1.0,0.6,0.4,2,0.7333,2.2,1.0,0.0
1208285,65,42,2024,1,42,19,2,2.8,2.6,0.4,0.2,0,0.2667,2.0,0.8,0.2
1208292,33,57,2024,1,57,19,2,0.8,1.6,0.2,0.2,0,0.1333,0.8,3.4,0.0
1208291,40,34,2024,1,34,20,2,2.0,1.0,0.6,0.4,1,0.6,1.8,2.8,0.8
1208287,48,46,2024,1,46,20,3,0.6,1.2,0.2,0.2,1,0.3333,0.4,2.6,0.0
1208299,65,50,2024,1,50,12,5,2.2,2.2,0.2,0.4,0,0.1333,1.8,1.6,0.0
1208297,40,41,2024,1,41,15,5,2.0,1.0,0.6,0.4,2,0.7333,0.8,3.0,0.6667
1208294,51,36,2024,1,36,15,5,1.8,1.8,0.6,0.4,3,0.8,1.2,1.2,0.0
1208296,52,57,2024,1,57,15,5,2.0,1.0,0.6,0.4,2,0.7333,1.2,2.8,1.0
1208293,55,66,2024,1,66,17,5,1.6,0.8,0.6,0.4,0,0.5333,1.2,2.0,0.0
1208302,39,45,2024,1,45,20,5,1.0,1.0,0.4,0.4,0,0.4,2.2,1.2,0.6
1208300,47,35,2024,1,35,14,6,1.6,0.8,0.6,0.4,0,0.6,1.8,1.2,0.6
1208295,49,46,2024,1,46,14,6,1.6,1.8,0.4,0.2,1,0.4667,0.4,2.6,1.0
1208298,33,42,2024,1,42,16,6,1.2,1.4,0.4,0.2,1,0.4,1.6,0.4,0.2
1208301,48,34,2024,1,34,20,0,1.0,0.8,0.4,0.4,2,0.6,1.6,2.4,0.2
1208308,57,65,2024,1,65,15,5,1.0,2.2,0.0,0.0,0,0.0,2.4,1.2,0.0
1208312,41,39,2024,1,39,15,5,0.8,3.0,0.2,0.0,0,0.0667,1.2,1.0,0.0
1208306,45,48,2024,1,48,15,5,1.6,1.4,0.2,0.0,0,0.1333,0.8,0.8,0.4
1208310,50,51,2024,1,51,15,5,1.2,1.6,0.4,0.4,0,0.4,2.2,1.8,0.6
1208303,35,55,2024,1,55,17,5,1.2,1.6,0.2,0.0,0,0.1333,1.2,0.8,0.0
1208307,36,47,2024,1,47,13,6,1.4,1.4,0.6,0.0,0,0.4667,1.8,0.8,0.2
1208304,42,49,2024,1,49,13,6,1.6,0.6,0.4,0.4,0,0.2,1.6,1.2,0.6
1208309,46,33,2024,1,33,19,6,0.0,2.6,0.0,0.0,0,0.0,1.2,1.6,0.0
1208314,42,36,2024,1,36,18,1,0.8,0.4,0.4,0.6,1,0.4,1.4,1.2,0.4
1208317,39,48,2024,1,48,18,1,1.2,1.2,0.4,0.2,1,0.4667,0.8,0.6,0.2
1208316,65,33,2024,1,33,19,1,1.8,1.6,0.4,0.4,2,0.6,1.8,1.2,0.4
1208315,51,66,2024,1,66,18,2,2.6,0.8,0.8,0.4,0,0.6667,1.4,1.6,0.2
1208320,34,55,2024,1,55,18,2,1.2,2.2,0.4,0.2,1,0.5333,1.6,0.6,0.8
1208319,50,46,2024,1,46,18,2,1.4,1.0,0.4,0.4,0,0.2667,0.0,2.4,1.0
1208321,41,52,2024,1,52,18,2,0.6,3.2,0.0,0.0,0,0.0,2.0,0.6,0.0
1208313,35,57,2024,1,57,18,2,1.4,1.6,0.2,0.0,0,0.0667,1.2,2.6,1.0
1208322,40,45,2024,1,45,19,2,2.2,0.8,0.8,0.4,3,0.8667,1.4,1.2,0.4
1208318,49,47,2024,1,47,19,3,1.2,1.2,0.4,0.4,0,0.4667,1.4,1.2,0.6
1208326,45,42,2024,1,42,11,5,1.0,1.2,0.0,0.0,0,0.0,0.8,0.6,0.2
1208325,52,51,2024,1,51,14,5,1.8,0.8,0.6,0.4,0,0.6,2.0,1.4,0.2
1208332,48,35,2024,1,35,14,5,0.8,0.6,0.4,0.4,0,0.2,1.0,1.8,0.4
1208328,57,39,2024,1,39,14,5,1.4,2.6,0.2,0.0,1,0.3333,1.2,0.8,1.0
1208323,66,65,2024,1,65,16,5,1.8,1.4,0.6,0.4,2,0.7333,1.8,1.2,0.4
1208327,36,40,2024,1,40,13,6,1.2,1.4,0.4,0.2,0,0.4,2.0,0.6,0.0
1208331,47,41,2024,1,41,13,6,1.2,1.4,0.2,0.0,0,0.0667,0.6,2.8,0.6667
1208324,55,49,2024,1,49,13,6,1.6,1.0,0.4,0.2,0,0.3333,1.4,0.6,0.4
1208330,33,50,2024,1,50,15,6,1.8,1.2,0.4,0.2,0,0.4,1.0,1.0,0.4
1208329,46,34,2024,1,34,19,0,0.0,2.4,0.0,0.0,0,0.0,1.4,2.0,0.0
1208338,50,52,2024,1,52,11,5,1.0,0.6,0.4,0.6,0,0.3333,2.0,0.6,0.6
1208335,51,46,2024,1,46,14,5,1.4,1.8,0.4,0.0,0,0.2,0.0,2.2,0.3333
1208341,41,66,2024,1,66,14,5,0.8,2.6,0.0,0.0,0,0.0,1.8,1.2,0.0
1208340,65,45,2024,1,45,14,5,1.4,0.8,0.6,0.6,0,0.6,0.8,1.0,0.2
1208334,42,55,2024,1,55,16,5,1.0,0.6,0.4,0.4,0,0.4667,0.8,1.0,0.8
1208336,49,57,2024,1,57,13,6,1.2,0.2,0.6,0.8,0,0.4667,1.4,2.2,0.0
1208342,39,47,2024,1,47,13,6,1.4,1.0,0.6,0.2,3,0.8,1.0,1.4,0.6
1208337,40,48,2024,1,48,13,6,2.0,0.8,0.8,0.6,0,0.6667,1.0,1.0,0.8
1208339,34,33,2024,1,33,15,6,2.0,1.2,0.8,0.4,3,0.8667,1.4,0.8,0.6
1208333,35,36,2024,1,36,19,0,1.4,2.0,0.0,0.0,0,0.0,1.8,1.4,0.4
1208311,34,52,2024,1,52,18,2,2.0,0.8,0.8,0.4,4,0.9333,2.0,1.6,0.2
1208345,52,35,2024,1,35,14,5,1.2,2.4,0.4,0.2,0,0.2667,1.4,1.6,0.4
1208344,55,51,2024,1,51,14,5,0.8,1.0,0.2,0.2,0,0.1333,1.4,2.0,0.2
1208352,48,41,2024,1,41,14,5,0.8,1.4,0.0,0.0,0,0.0,0.8,2.4,0.6667
1208346,45,50,2024,1,50,14,5,0.8,0.8,0.2,0.2,1,0.3333,1.8,1.0,0.0
1208343,66,34,2024,1,34,16,5,2.0,1.0,0.8,0.6,4,0.9333,3.0,0.4,0.2
1208350,33,39,2024,1,39,13,6,1.0,1.2,0.2,0.4,0,0.1333,2.0,1.0,0.8
1208347,36,49,2024,1,49,13,6,1.4,1.4,0.4,0.2,0,0.4,0.8,0.6,0.4
1208348,57,42,2024,1,42,13,6,1.4,2.0,0.2,0.0,0,0.2,1.2,0.8,0.0
1208349,46,40,2024,1,40,15,6,0.4,2.2,0.0,0.0,0,0.0,2.0,1.0,0.0
1208351,47,65,2024,1,65,19,0,1.4,2.0,0.2,0.0,0,0.2667,1.4,1.0,0.8
1208358,50,66,2024,1,66,19,1,2.2,0.8,0.6,0.6,2,0.7333,2.6,0.4,0.4
1208354,42,52,2024,1,52,19,2,1.8,0.6,0.6,0.4,1,0.5333,1.0,2.4,1.0
1208356,49,45,2024,1,45,11,5,1.0,0.8,0.4,0.4,1,0.4667,0.6,1.0,0.4
1208355,51,48,2024,1,48,14,5,1.4,2.6,0.0,0.0,0,0.0,1.0,1.4,0.4
1208362,39,46,2024,1,46,14,5,2.0,0.8,1.0,0.4,5,1.0,0.4,2.2,0.3333
1208361,41,36,2024,1,36,14,5,0.8,2.0,0.0,0.0,0,0.0,1.4,1.4,0.0
1208359,34,57,2024,1,57,14,5,3.0,1.2,0.8,0.4,0,0.6667,1.4,2.6,1.0
1208353,35,33,2024,1,33,13,6,1.0,1.2,0.2,0.4,0,0.2667,0.8,1.2,0.4
1208357,40,47,2024,1,47,15,6,1.8,1.0,0.8,0.4,2,0.8,1.2,2.0,0.8
1208360,65,55,2024,1,55,18,3,1.6,1.2,0.6,0.2,1,0.5333,1.6,1.2,0.2
1208371,50,39,2024,1,39,19,4,2.2,0.6,0.8,0.6,3,0.8667,2.2,0.6,0.8
1208364,66,36,2024,1,36,11,5,2.6,0.8,0.8,0.4,0,0.6667,1.4,1.6,0.8
1208370,46,41,2024,1,41,14,5,0.4,2.2,0.0,0.0,0,0.0,0.8,2.0,0.3333
1208369,45,57,2024,1,57,14,5,0.4,1.0,0.2,0.2,0,0.2,1.0,2.4,1.0
1208363,42,35,2024,1,35,16,5,2.0,1.0,0.4,0.2,0,0.3333,1.0,1.0,0.8
1208372,48,47,2024,1,47,13,6,1.2,1.8,0.0,0.0,0,0.0,1.4,2.6,0.2
1208365,55,33,2024,1,33,13,6,1.6,1.0,0.4,0.4,2,0.6,0.4,1.4,0.2
1208366,51,34,2024,1,34,13,6,1.6,2.6,0.2,0.0,1,0.3333,3.2,1.0,0.4
1208367,49,40,2024,1,40,15,6,1.2,0.6,0.6,0.6,2,0.6667,2.2,1.0,0.0
1208368,52,65,2024,1,65,19,0,1.2,2.6,0.2,0.2,0,0.0667,0.8,1.2,0.0
1208375,57,55,2024,1,55,14,5,1.0,2.6,0.0,0.0,0,0.0,2.2,1.2,0.0
1208382,39,51,2024,1,51,14,5,2.0,0.8,0.8,0.4,0,0.6667,1.8,2.2,0.0
1208380,41,50,2024,1,50,14,5,0.6,2.2,0.0,0.0,0,0.0,2.0,0.6,0.0
1208374,36,45,2024,1,45,14,5,1.2,1.4,0.4,0.0,0,0.3333,0.8,1.2,0.4
1208373,35,66,2024,1,66,16,5,1.2,0.8,0.4,0.4,1,0.4667,2.2,0.8,0.2
1208378,34,49,2024,1,49,11,6,2.8,1.2,0.6,0.4,0,0.4667,1.6,0.8,0.4
1208381,47,52,2024,1,52,13,6,1.6,2.6,0.2,0.0,0,0.0667,1.0,2.6,0.8
1208379,65,46,2024,1,46,13,6,0.8,1.4,0.2,0.0,0,0.2,0.8,1.8,0.6667
1208377,33,48,2024,1,48,13,6,1.0,2.0,0.0,0.2,0,0.0,1.4,1.8,0.4
1208376,40,42,2024,1,42,15,6,2.2,1.6,0.6,0.2,0,0.6,1.8,1.2,0.0
1208384,66,47,2024,1,47,18,4,2.0,0.6,0.8,0.6,2,0.8,1.0,2.8,0.6
1208387,49,33,2024,1,33,19,4,1.6,1.2,0.6,0.2,0,0.6,1.0,2.4,0.2
1208389,45,41,2024,1,41,11,6,1.2,1.2,0.4,0.2,1,0.4,0.4,1.6,0.3333
1208392,48,65,2024,1,65,13,6,1.4,1.4,0.2,0.2,1,0.3333,1.0,1.4,0.4
1208385,55,36,2024,1,36,14,6,2.4,1.2,0.8,0.4,4,0.9333,0.8,1.6,0.4
1208390,46,57,2024,1,57,14,6,1.2,1.6,0.2,0.2,0,0.2667,0.8,2.4,0.0
1208383,42,34,2024,1,34,15,6,2.0,1.4,0.2,0.2,0,0.1333,2.4,1.0,0.4
1208386,51,40,2024,1,40,19,0,2.0,1.8,0.4,0.2,1,0.5333,2.2,1.4,0.2
1208391,50,35,2024,1,35,19,1,2.0,0.6,0.8,0.6,0,0.6667,0.8,0.6,0.8
1208388,52,39,2024,1,39,19,1,1.0,1.6,0.2,0.4,1,0.3333,1.6,1.0,0.6
1208393,35,46,2024,1,46,15,6,0.8,1.2,0.2,0.2,0,0.2,1.2,1.2,0.6667
1208396,40,52,2024,1,52,15,6,2.2,1.8,0.4,0.2,0,0.2,1.8,1.0,0.4
1208394,36,50,2024,1,50,15,6,1.4,1.8,0.4,0.0,1,0.4667,1.6,0.4,0.0
1208400,41,42,2024,1,42,15,6,0.4,1.4,0.0,0.2,0,0.0,2.0,1.2,0.0
1208398,34,45,2024,1,45,15,6,1.4,1.2,0.4,0.4,0,0.4,1.4,1.2,0.4
1208399,65,49,2024,1,49,15,6,1.4,1.4,0.4,0.0,1,0.4,1.4,0.8,0.2
1208401,47,51,2024,1,51,15,6,0.6,2.4,0.0,0.0,0,0.0,2.2,1.8,0.6
1208397,33,66,2024,1,66,15,6,0.8,1.8,0.0,0.0,0,0.0,1.8,0.6,0.6
1208402,39,55,2024,1,55,15,6,1.2,1.4,0.4,0.4,0,0.2,2.6,1.6,0.4
1208395,57,48,2024,1,48,15,6,0.4,2.4,0.0,0.0,0,0.0,1.4,1.4,0.0
